Decision_Q,Demand_D,Operation_Cost
7.246280105800411,7.145842398133231,0.025109426916794853
9.844775571708652,9.74230450446064,0.02561776681200323
6.469414399477268,6.243226752657098,0.056546911705042335
7.563382666580083,7.180990676627291,0.0955979974881982
8.050424447914605,7.743066656313689,0.07683944790022879
7.970044058195977,7.49654943207663,0.11837365652983656
8.305344422119592,8.205374355863887,0.024992516563926426
8.51534057735543,8.190474850383758,0.08121643174291782
6.227723070649203,6.147881829884482,0.019960310191180275
6.757447139065071,6.453928265473327,0.07587971839793606
8.708742778823211,8.347473782853069,0.09031724899253568
2.54409616847669,2.309745528044113,0.05858766010814431
7.667080530149314,7.623296950998481,0.010945894787708355
7.860469202332808,8.151269947921438,0.21810055919147242
7.870903990330188,8.041289304859426,0.12778898589692833
7.349750670964196,7.505489981852841,0.11680448316648318
6.1507934057755485,5.882168466257531,0.06715623487950428
4.673934283132299,4.697768937006977,0.017875990406008402
9.456109721290604,9.236101269992126,0.05500211282461942
8.59781071747906,8.49716199053546,0.025162181735900013
8.160230229288882,8.111592664058902,0.012159391307494882
7.110714589827001,6.892653855182226,0.0545151836611939
6.678517475446036,6.702802293945092,0.018213613874292545
10.48281082898806,10.056286913079989,0.10663097897701768
7.863739213045557,7.2545282091078205,0.15230275098443413
7.192723288636586,7.029778924017519,0.04073609115476673
5.862572598904528,5.909085076042393,0.03488435785339883
4.849472830964329,4.86284821704987,0.010031539564155922
9.658537849181927,9.57411796758083,0.021104970400274148
5.764008834272787,5.634303999574175,0.03242620867465318
8.481940371158622,8.55915412799048,0.05791031762389354
10.182069608124523,9.811410848770198,0.09266468983858145
6.541614325670844,6.016755456550583,0.13121471728006529
6.358701137187758,6.180125341283919,0.0446439489759598
8.989400400565549,8.83989975914373,0.03737516035545463
8.814957923881893,8.114887940498512,0.17501749584584525
5.046752261909207,4.544809622083472,0.1254856599564338
6.1875745714185895,5.469724588941554,0.17946249561925876
7.601310860563228,7.234637066128383,0.09166844860871115
4.801916464360815,4.43331897138749,0.09214937324333117
9.68505515236549,9.507150397134469,0.04447618880775517
6.9539292428073205,6.646331292110482,0.07689948767420973
8.708242759282962,8.763616585221962,0.04153036945425015
8.42541589708671,8.267003238788764,0.03960316457448654
6.834411701432183,7.064174354972201,0.17232199015501393
6.468578370782162,5.943924749569761,0.13116340530310033
7.466298774073835,7.692812265059535,0.16988511823927488
7.100852613046775,7.202073646922884,0.07591577540708161
8.841761990250797,8.541514174153923,0.07506195402421856
6.640770288619478,6.473576014345815,0.041798568568415906
10.701246581724224,10.43113874156987,0.0675269600385886
8.248489667664439,8.1334758357352,0.02875345798230944
7.590369812145408,7.7700065507875395,0.13472755398159886
8.423004199095123,8.157893023977605,0.06627779377937948
7.71382239802908,7.695009528502823,0.0047032173815644285
7.246399620674708,6.68023871148614,0.141540227297142
7.052493193660721,7.317899691798715,0.19905487360349516
5.414735543436048,5.43793674680535,0.01740090252697657
9.607782945498046,9.63922934257836,0.023584797810235703
6.7767805768847325,6.630906469407677,0.03646852686926394
6.769954702464364,6.481401727630046,0.07213824370857957
8.921466410199116,8.800460757050212,0.030251413287226026
7.010543343626426,7.001347558456641,0.0022989462924463133
5.370696328171988,5.232706456612162,0.03449746788995656
6.971727696048085,7.052635272348583,0.06068068222537337
5.457988086378389,5.277379353509273,0.045152183217278985
6.45142874249866,6.380121173478581,0.017826892255019766
9.455766659686727,9.416423846241218,0.009835703361377401
4.757399816935368,4.706341078792794,0.0127646845356435
6.528915922950955,6.81574708592474,0.21512337223033873
6.4692121361461155,6.034164736690254,0.10876184986396531
8.189809338683354,8.207593940213343,0.013338451147491881
5.1674860395457145,5.36147149517394,0.14548909172116908
7.502176461542573,7.379800570927647,0.030593972653731427
5.740014507549315,5.57840700270705,0.040401876210566234
6.552544547197515,6.353496821674947,0.04976193138064211
8.374197740523526,8.108783623345625,0.06635352929447524
7.022281875369955,7.24727222033417,0.16874275872316158
6.147103447832288,6.050955842155967,0.024036901419080214
5.482660633865197,5.344301702670128,0.0345897327987672
4.429821175478337,3.624828405244563,0.2012481925584435
6.377860041774486,5.963370490897913,0.10362238771914334
4.85022263388978,4.534419572760135,0.0789507652824113
6.924322033351598,6.8865942575265,0.009431943956274447
5.260182800571637,4.720142719904257,0.13501002016684494
7.418385992232565,7.088301008707681,0.082521245881221
7.353786209893033,6.653609582661477,0.1750441568078891
7.305120978129485,6.933880203606002,0.09281019363087073
7.047593235941098,6.613593536237915,0.10849992492579563
4.411371778668979,4.181886037058364,0.05737143540265377
6.661072688230388,6.235452155917471,0.10640513307822919
8.269064377278408,8.119539633212755,0.03738118601641327
8.793579341416562,8.662631221792061,0.03273702990612515
6.959493568212305,7.026658520696542,0.050373714363177946
9.942081392863178,9.21175864501776,0.18258068696135465
5.3110155956266425,5.3633326255078515,0.03923777241090676
4.278516010511754,4.218571327120436,0.014986170847829383
6.510279331145258,6.358850069334593,0.03785731545266624
5.173292471965703,4.514631979675383,0.16466512307257997
7.725044730844131,7.864310131147733,0.10444905022770201
4.707899880227973,4.304390095917974,0.10087744607749971
6.698432779396343,6.50297354904979,0.04886480758663825
10.817480531199172,10.340917166888836,0.11914084107758383
9.52191087621686,9.13746538762,0.09611137214921461
9.072196790960724,8.689156240997265,0.09576013749086476
6.4433772106006515,6.470294811265302,0.020188200498487907
6.152615499051736,6.004293805023268,0.03708042350711693
6.760357045140364,6.091084930506478,0.16731802865847167
8.117163625699698,7.666781609734267,0.11259550399135776
6.075289620108078,5.888027030965479,0.0468156472856498
8.273772903271825,8.05837749949226,0.053848850944891336
8.306636645036859,7.865272773722761,0.11034096782852454
8.293262871242973,7.750103024480882,0.1357899616905227
8.155745647674992,7.930070955227563,0.05641867311185744
6.397294337689341,5.937445941172692,0.11496209912916222
7.133607417597612,6.695562961497517,0.10951111402502378
6.804593866624947,6.4370858380705815,0.09187700713859126
8.952576020962695,8.701175434819813,0.06285014653572052
6.578261025443962,6.491572493503653,0.021672132985077308
3.9552337383848952,3.73699400161476,0.0545599341925338
8.384878129100752,8.282586434648403,0.025572923613087273
9.469759407253726,8.907684489105483,0.14051872953706068
6.369423815618022,6.587863533197981,0.1638297881849693
7.024577558711767,6.883174576557579,0.03535074553854711
7.280486139130674,7.091014907626545,0.04736780787603223
7.510552440021857,7.37366995917677,0.03422062021127181
6.255302270837342,6.5240707262711775,0.2015763415753764
5.9805797138523715,5.620473469415371,0.09002656110925011
4.368836279076237,4.511365016195323,0.10689655283931465
7.345593300383525,6.886187182716316,0.11485152941680221
4.768778185392838,4.491325482986057,0.06936317560169525
6.724032773026037,6.147312133755155,0.1441801598177206
8.45505526512218,8.030157315088655,0.10622448750838132
9.565981494620026,9.549907081934744,0.004018603171320301
7.188623552129126,7.289518042356348,0.07567086767041631
8.52078017504813,8.611417584358717,0.06797805698294113
5.381461888822332,5.186793670512636,0.04866705457742393
7.668350133288269,7.35245652801647,0.07897340131794972
9.998375533226213,10.063180708469172,0.04860388143221961
7.237799205216775,7.167780962928997,0.017504560571944605
9.853241932341469,9.360139710210126,0.12327555553283576
5.832062865670427,5.214065083900692,0.15449944544243377
8.25997933586153,8.005710428642736,0.0635672268046985
6.495857876811176,6.367223200070095,0.03215866918527022
5.824946606595528,5.637716429185254,0.04680754435256862
6.780396308693137,7.021262370702517,0.18064954650703458
8.233775051292326,8.421224973891182,0.1405874419491413
6.215943315134378,5.826998466402868,0.09723621218287759
6.476078242530296,6.5113307078314495,0.026439348975865418
8.75074259148049,8.325854721652671,0.10622196745695467
4.755117578011644,4.24647671993797,0.12716021451841852
8.32818938363536,8.244184584577935,0.021001199764356215
5.505355039366347,5.521015704343731,0.011745498733037874
6.984584547213272,7.112157522316372,0.09567973132732521
6.89159861700456,5.79192276915107,0.2749189619633723
9.370014447865657,8.930973738215044,0.10976017741265309
6.769845822709316,6.926613526533769,0.11757577786833995
5.246407429250866,4.863103450560322,0.09582599467263586
9.167428009127846,9.20371892345921,0.02721818574852275
7.786430849644866,7.534968957852194,0.06286547294816791
9.598792476417596,9.41599356909167,0.0456997268314816
7.680400181840267,7.498465049017025,0.04548378320581059
8.288358776219862,8.334925452192333,0.03492500697935341
5.478213161972466,5.686519130049538,0.15622947605780402
7.0860873372219615,6.744325130537902,0.08544055167101483
8.323169331855663,8.091876051869274,0.05782331999659718
7.324101667088463,7.388281596056973,0.04813494672638208
6.476036255947865,6.371187508374849,0.026212186893254108
10.081465887231968,9.670528965938592,0.10273423032334383
6.7563244321085305,6.602581797836474,0.03843565856801412
8.108308782742316,7.922301057275737,0.04650193136664482
6.274219124532422,6.137226500683507,0.034248155962228743
7.988138498616722,7.917405277567561,0.017683305262290228
6.82937334582263,6.764478769850819,0.01622364399295262
5.062161078273528,5.129359660990154,0.05039893703746978
6.2599308431648994,6.228915263709049,0.007753894863962607
7.517518638618182,7.037746242392048,0.11994309905653355
9.481671892338532,9.930698177872015,0.33676971415011225
9.837416725335531,9.473077452974016,0.09108481809037894
9.67825142091427,9.43249929018964,0.06143803268115766
8.790444487413435,8.551980483987329,0.05961600085652652
8.599937140804384,8.80928584941888,0.15701153146087155
5.9956533925606985,6.385724131890909,0.29255305449765756
7.014311315571664,6.872951035422976,0.03534007003717199
5.156756999996605,5.263380228990835,0.07996742174567228
7.169026779943412,7.423233569608849,0.19065509224907773
10.87928978552685,10.890334868660172,0.008283812349991315
6.291111650484425,5.735173615081439,0.13898450885074665
8.3448533125068,8.249747608020211,0.0237764261216471
7.604186988080051,7.343591185335036,0.0651489506862537
7.752139712269385,7.365278890672127,0.09671520539931455
8.281045928033429,8.00285218559899,0.0695484356086098
5.301318209073365,5.020984994559932,0.07008330362835835
6.1999311465518865,5.956692560065379,0.0608096466216268
6.7099787269816,6.425059695175099,0.07122975795162523
8.371916098259135,8.025484826113523,0.08660781803640294
7.23350363944796,7.213789569884572,0.004928517390847098
5.722543493780588,5.523403905443636,0.049784897084238056
6.298933623967461,5.697864977321483,0.15026716166149434
5.241213690134354,4.562632537969936,0.16964528804110457
6.5217695175574555,6.27251584001881,0.062313419384661284
5.747359481275966,5.415739760521207,0.08290493018868972
7.168908157605082,7.173460750936641,0.003414444998669497
9.083871628426074,8.793317209054667,0.07263860484285178
10.25082771843035,10.196682745246772,0.013536243295894312
8.633514380465362,8.106408240046905,0.1317765351046143
7.064977239391329,7.408194536287191,0.25741297267189633
8.760356334518374,8.870549964667548,0.08264522261188079
6.737506713591436,6.8049752324908095,0.05060138917452983
7.450935113809546,7.713501637031823,0.19692489241670752
7.722995021405678,7.262666689517127,0.11508208297213773
5.154193810523581,4.653085428994138,0.12527709538236076
7.913923551278096,7.92590815938954,0.008988456083583563
6.337772223786141,6.564712945609728,0.17020554136769062
3.634885873332459,3.530516453721837,0.02609235490265549
7.54407971428974,7.715289532220308,0.12840736344792592
7.283058611928591,7.200426203423361,0.020658102126307476
9.131182256699,8.791796225603905,0.0848465077737739
8.710863177931465,8.786531945122006,0.05675157539290554
6.9839561232981415,6.94135163671909,0.010651121644762895
8.233610599271909,8.305119227787676,0.053631471386825336
6.332010311540078,6.355864621008035,0.01789073210096781
6.818271387035304,6.8005375360557405,0.004433462744890981
5.858481955890166,5.744998535900853,0.028370854997328276
7.249600844237234,6.925321769345664,0.08106976872289251
9.196588529362382,9.16273804496814,0.00846262109856033
8.347351608013277,8.546967488887883,0.14971191065595502
6.124867364776174,5.997106747557774,0.031940154304599844
8.542427267364436,8.070276633366737,0.11803765849942494
9.589097613055868,9.77612862194492,0.14027325666678925
7.3821783964129555,7.551467465469158,0.12696680179215192
9.205829593462076,9.093303898713945,0.028131423687032697
6.5920183843889,6.815129201068914,0.16733311251001082
6.10343502796843,6.542099313315645,0.32899821401041085
9.56932415559664,9.4523196944982,0.029251115274609774
8.187750902608075,7.560958444570795,0.15669811450932003
10.80843716557784,10.342192482267883,0.1165611708274894
4.089607112911285,3.9279076409176703,0.04042486799840361
5.92874427904087,5.5703842201418,0.08959001472476769
8.807126438395782,8.487969920570093,0.07978912945642236
5.327841533926954,5.054144127736041,0.06842435154772808
4.154696920564042,3.7674160770169016,0.09682021088678516
6.501640095501061,6.411295458424788,0.022586159269068373
5.662567118408375,5.112030382241862,0.1376341840416282
7.890453644993223,7.8071781402019615,0.020818876197815417
7.9473292527652974,8.15942008296193,0.15906812264747416
7.595325911425853,7.3151836527999565,0.07003556465647409
8.293521475824656,7.985019646175103,0.0771254574123883
8.812821664582941,8.541699347153186,0.06778057935743886
7.64286959028645,7.545979128993981,0.024222615323117314
8.298055653661041,8.350365388330648,0.03923230100220465
8.015623096923946,8.148050078140674,0.09932023591254602
5.750789993758001,5.397950159513515,0.08820995856112157
8.82161794524056,8.78637874426538,0.008809800243795074
7.50751423654676,7.176670742738655,0.08271087345202632
8.633160306900901,8.217247849618442,0.10397811432061488
5.787763625833167,5.80860122373107,0.01562819842342722
6.647249180531126,6.880639743582026,0.17504292228817508
7.168276756855757,6.85236965829204,0.07897677464092934
7.393543941448754,7.048708403053085,0.08620888459891729
6.989955866737221,6.51216800967165,0.11944696426639267
9.059362086241268,9.244076364582,0.13853570875554855
6.7309093064917835,6.393425079113595,0.08437105684454704
5.81692483489809,5.667811103104841,0.03727843294831246
7.340301273582383,7.24592786194818,0.02359335290855058
4.899862057251832,4.01826764720945,0.2203986025105955
6.986121350602266,6.434200708320434,0.13798016057045803
7.24556595639822,6.990436478158794,0.0637823695598565
7.633212408408942,7.170344442887043,0.11571699138047475
7.969340058812191,8.009602865449033,0.03019710497763084
6.7810366718391,6.9623280645458845,0.13596854453008822
6.304302464380165,5.80182817019759,0.12561857354564387
7.86556899951845,8.24223128253128,0.2824967122596229
6.692050415519439,6.29782538303536,0.09855625812101976
7.53359741346217,7.368589128841606,0.04125207115514096
8.61633779586432,8.401140217620547,0.05379939456094318
7.887873304617726,7.747765209751571,0.03502702371653865
7.800911370649687,7.741810093515511,0.01477531928354403
5.4664765960835435,5.443594137815997,0.0057206145668866615
8.757146985320126,8.664953726362185,0.02304831473948532
4.673551474352222,4.478481250425006,0.048767555981803934
7.817263874880142,7.51635759561124,0.07522656981722564
9.257349159430778,8.620607039645476,0.1591855299463254
8.868619433261053,8.71929616888488,0.03733081609404332
9.617244463514051,9.35757307294886,0.06491784764129793
7.034007564234829,6.378058905366237,0.16398716471714803
8.895943295342956,8.842617148654597,0.013331536672089861
6.5706828794949805,6.209453367632717,0.09030737796556587
8.129581502217508,8.03238604788287,0.024298863583659625
6.0851614794456514,5.71658446288486,0.09214425414019778
7.253558227797443,6.586987646546545,0.16664264531272455
7.958529295104357,7.829083796012368,0.03236137477299739
7.495762421385816,7.098112791051927,0.09941240758347236
4.600635600295044,4.394435207063624,0.051550098307855174
7.489339380951701,7.480102892722788,0.002309122057228219
5.673449007735736,5.6847785115510625,0.008497127861494702
5.84184640996168,5.963006293659571,0.09086991277341849
6.98331459011739,6.663885272444649,0.07985732941818524
5.453057474284985,5.191892494619577,0.06529124491635208
9.251080573927355,9.202612712246925,0.01211696542010765
8.938729804383692,8.289202172487938,0.1623819079739386
5.847088168658286,5.726930527106704,0.03003941038789537
6.420449380659511,6.068712395233938,0.08793424635639324
8.285394377664764,8.075844839520082,0.05238738453617042
5.801525250820328,5.613972611111977,0.046888159927087614
5.669245017699093,5.6609466544739355,0.002074590806289356
6.9660726733186005,7.078176818950906,0.08407810922422931
6.53510756746394,6.596654329347428,0.0461600714126158
8.341950426374718,8.467313415743899,0.09402224202688592
7.267361471946505,7.065636885014754,0.05043114673293769
7.419478018542036,7.138340797894158,0.07028430516196948
7.522045803746272,7.462440313595689,0.014901372537645674
5.9289122523147535,5.7795794941893766,0.037333189531344235
5.459517069329788,5.700164007301156,0.18048520347852604
7.173172010443704,6.7485399732330995,0.10615800930265107
7.534969907446896,7.614814241638842,0.05988325064395994
6.85480341354883,7.251004298549227,0.29715066375029764
7.010211901666404,6.9471587455754475,0.015763289022739047
6.7058156276133065,6.273376608750701,0.10810975471565132
6.94757008106347,6.950076490938075,0.0018798074059536152
4.75531209405518,4.812207806061548,0.042671784004776336
5.1566524589224585,4.805048123433093,0.0879010838723413
7.190722451691833,6.96839847215675,0.055580994883770884
7.446864286242843,7.306531954614774,0.03508308290701745
4.634376613114129,3.9933399993970062,0.16025915342928065
7.609386367871253,7.130723048774758,0.11966582977412377
8.065194247802948,7.835466805815308,0.05743186049690996
5.728004193356947,5.745209081978386,0.012903666466079322
7.782170740919757,7.426263473287769,0.08897681690799719
6.559960075239215,6.229197394102629,0.08269067028414656
7.089323720988293,7.074516154097992,0.00370189172257529
7.601039922082893,7.377188267480799,0.05596291365052353
7.838852592320088,7.886946903548645,0.03607073342141742
7.094671586758453,6.971271659948114,0.030849981702584905
7.466910799003509,7.023632984195609,0.1108194537019751
9.865007650733537,9.24433606468976,0.1551678965109442
5.8025619590086155,5.742357058830807,0.01505122504445211
8.049270089563962,7.930338710176865,0.029732844846774187
7.17022228925436,6.751300494635974,0.10473044865459658
3.9526264178570023,3.9087876535315065,0.010959691081373957
3.8248041084225344,3.823399022908,0.0003512713786335553
7.861758085873578,7.685707972768992,0.04401252827614632
7.914851709462049,7.861555220214963,0.013324122311771491
8.189597769790005,7.797355680933864,0.09806052221403516
2.93585939368515,2.8290443379675434,0.026703763929401658
8.605777324089798,7.93229704553538,0.16837006963860457
4.826420129171543,4.358587234225573,0.11695822373649256
8.01927339944731,7.9734465174626195,0.011456720496172856
7.379544608069455,7.255295867690032,0.03106218509485581
6.793686439732007,6.521367270460295,0.06807979231792816
4.406011914235072,4.0242522260405895,0.09543992204862062
3.3202765825317373,3.1159464702910893,0.051082528060162
8.639810137957902,8.514878216035223,0.031232980480669692
7.37666546363609,6.546818774646579,0.20746167224737788
7.359875302106573,7.882654513755543,0.392084408736727
7.930190386143792,8.104523498195187,0.130749834038546
8.77942644725327,8.986695288282935,0.15545163077224844
7.5696498190114125,7.661808030072621,0.06911865829590602
8.885963665601004,8.997613926328258,0.08373769554544053
4.970546633790193,5.000320910317651,0.022330707395593175
9.448656816793074,9.802352421524876,0.2652717035488519
4.689407062083399,4.673775212120999,0.003907962490599992
6.075684620054557,5.8367563633156685,0.0597320641847221
7.594996666356659,7.424846015468766,0.042537662721973124
7.659559004757873,7.666501142987027,0.0052066036718654285
8.706083111026302,8.675347221448316,0.007683972394496585
7.496569789728865,7.140813044769842,0.08893918623975572
5.791243055731053,5.32227798765928,0.11724126701794324
8.435197005941326,8.218911682435099,0.0540713308765568
6.009305152003925,5.903199354580659,0.026526449355816606
4.976425915235047,4.963711200453787,0.0031786786953149626
8.025752105195847,8.031693750728447,0.004456234149449845
7.445744266980974,7.340185295543305,0.026389742859417087
7.404987061977279,7.68261984667325,0.20822458852197823
6.788850317152443,6.233125439734082,0.13893121935459019
9.640967227535036,9.817689459696526,0.1325416741211174
9.924424125083572,9.763622692600176,0.04020035812084899
5.766199986289645,6.186011253708213,0.31485845056392625
7.641015290726045,7.591135291250074,0.012469999868992776
5.778458327172796,5.490284078635844,0.07204356213423813
7.945965388049845,7.57486867611434,0.09277417798387622
7.462093061848464,7.328153128929546,0.0334849832297297
5.659751327308628,5.726229404756153,0.049858558085643656
8.562532917418066,8.84036552081028,0.20837445254416087
8.068518447611014,8.062734780476596,0.0014459167836045062
9.585159377954293,9.530546859254244,0.013653129675012199
8.017581433809795,8.065018868087217,0.03557807570806615
8.692697599507262,8.280172127673277,0.10313136795849642
7.471712935325021,7.493675582545896,0.016471985415655865
7.290282694579032,7.02186644815579,0.0671040616058105
6.411139840177948,6.434234524711309,0.01732101340002079
9.004539395822526,8.542394233053857,0.11553629069216731
8.503615896793166,8.645001096758143,0.10603889997373317
10.00602460322474,9.468736975175563,0.13432190701229407
9.812832332442404,9.34029326709132,0.11813476633777098
5.1366204729923775,5.542683084409556,0.30454695856288394
6.539685422291505,6.705294291659833,0.12420665202624548
8.219088579522733,8.073828449482226,0.03631503251012669
4.365126225537003,4.421669858892956,0.04240772501696477
5.589657144849102,5.1892074964619415,0.10011241209679023
4.7449969835032135,5.148800728470841,0.3028528087257203
4.815422048292404,4.687565925156203,0.03196403078405008
5.643303522892174,5.867496529759426,0.16814475515043847
3.2491650769527487,2.9272710283552024,0.08047351214938658
5.407480624103532,5.470116813047747,0.046977141708161474
8.28297139995476,8.45096047815857,0.12599180865285753
5.958887099960668,5.643027105695282,0.07896499856634653
6.859275933455786,6.770320309756284,0.02223890592487554
4.810095924032699,4.3941796657680605,0.10397906456615957
6.328602625271605,6.38021827129854,0.03871173452020127
7.189657179243521,7.283448291887422,0.07034333448292562
5.796902533229424,5.5936577566089705,0.05081119415511348
8.29102933154751,8.143890749393252,0.03678464553856431
6.648858241045656,6.427089723421813,0.05544212940596083
8.177388902902623,7.89738027928456,0.07000215590451564
4.95491832288364,5.056287607353344,0.07602696335227788
5.434210026049622,5.201878837946677,0.058082797025736266
6.758679829681009,6.6169338885618725,0.03543648527978416
7.859426703774659,7.512383065366261,0.08676090960209959
7.182673833267666,7.056369023446465,0.03157620245530013
4.882323301135948,4.779283635285295,0.02575991646266318
7.844864336878141,7.844013866758096,0.00021261753001122763
8.05288697276572,8.14385224622216,0.06822395509233026
7.064957412972605,6.648424205691826,0.10413330182019487
8.01685751410772,7.539695521870213,0.11929049805937675
6.778053433550126,6.476370031959372,0.07542085039768853
9.319879467034404,8.651009864038553,0.16721740074896285
5.601841479291469,5.106337382147428,0.12387602428601019
7.574408534821414,7.417764799958238,0.03916093371579388
7.443498605739513,7.454341805499814,0.008132399820225844
5.584401485318137,5.126812361131682,0.11439728104661384
6.255357677790519,6.223096258617877,0.008065354793160395
8.848385463160525,8.541090907818173,0.07682363883558807
7.595826641992985,7.247109732269022,0.0871792274309906
5.656082945359099,5.340432079520507,0.07891271645964792
6.7690806996875,6.5072267439629,0.06546348893114984
6.735819970152224,6.744167206956127,0.006260427602927443
9.153120284082084,9.56232497898591,0.30690352117786945
5.874562756974062,6.0570896610992815,0.1368951780939145
8.419738579370447,8.47158704534493,0.03888634948086134
6.772644076103287,6.224394881297114,0.1370622987015433
6.5676786638873335,5.854860127035221,0.17820463421302812
9.924495712921155,10.09756860040764,0.12980466561486415
6.185579230042447,6.019068308083464,0.04162773048974566
5.306894756408977,4.509422770096096,0.19936799657822024
4.857419127484609,4.8490403126389445,0.0020947037114160683
7.019451222393607,7.560243380130503,0.4055941183026721
9.232483913417392,9.150097883786453,0.020596507407734777
5.79472137607823,5.635173027438148,0.03988708716002054
7.965122485454791,7.590217090887346,0.09372634864186136
7.662982909844323,7.193932922827446,0.11726249675421929
6.633097158381934,6.108737536984853,0.13108990534927023
6.488652690844595,6.157860964625186,0.08269793155485217
7.061075943561583,6.774100978673117,0.07174374122211669
8.55056772059257,8.372927983998844,0.04440993414843142
6.447453297333431,5.846704086878511,0.15018730261372992
9.427548897950714,9.345631992360556,0.02047922639753974
9.214752870057172,9.42120951363802,0.15484248268563627
9.06209942830808,9.02425924661913,0.009460045422237773
9.889537483389931,9.74094071045876,0.037149193232792754
10.649373143169306,10.386660214085946,0.06567823227084002
7.605228927569461,7.578041960940615,0.006796741657211447
6.609467058867559,6.962664071926632,0.2648977597943045
5.917541636532461,6.091010385612793,0.1301015618102488
6.70427794179705,6.206954512981275,0.12433085720394388
4.934187388554431,4.476438496896231,0.11443722291455005
7.685538694700464,7.6330499017213,0.013122198244790884
9.641005937115068,9.016726404704286,0.15606988310269543
8.435685485812888,8.233315529608436,0.05059248905111291
8.179659529445434,7.833409867934512,0.08656241537773046
6.012339923165587,6.046595799062262,0.02569190692250567
8.559532257089565,8.595136214110541,0.026702967765732222
5.040635863625524,4.843581382534969,0.04926362027263864
6.907845066598686,6.207066411682426,0.1751946637290649
5.698397958681397,5.302704468551194,0.0989233725325509
6.67159179926445,6.5204752279084985,0.037779142838987756
6.4327613077142045,6.873993999754784,0.33092451903043485
5.544672706530369,5.343445411490687,0.05030682375992046
7.8814494831158655,8.119140909249898,0.17826856960052462
7.746008188496027,7.357723295616307,0.09707122321993
6.689938430309701,7.023624935077808,0.25026487857607993
9.133593384153478,9.01887782624132,0.028678889478039427
5.480810914610828,5.3750788013882715,0.026433028305639095
7.134970299166009,6.835758632766138,0.07480291659996774
8.227931007033062,7.933465134289326,0.07361646818593393
7.257323671996246,7.0666646441208325,0.047664756968853306
8.24421399101084,7.701848042049414,0.13559148724035652
8.746630158466353,8.378107220349126,0.09213073452930676
5.55494415479457,5.544904531642312,0.002509905788064426
5.73264217369799,5.115912798629694,0.15418234376707396
4.9270267657990265,4.385752096363458,0.1353186673588922
4.384690646574895,4.445164015278456,0.04535502652767076
6.31809287296413,6.568161787704121,0.18755168605499328
7.05020160986459,6.995842801823798,0.013589702010198046
9.418485057824086,8.942828346486191,0.11891417783447356
6.4026177420914925,6.248276087942688,0.03858541353720102
5.876067716310396,5.3447292537903595,0.1328346156300091
6.897052055148599,6.6066528710349575,0.07259979602841038
5.9931381256681,5.786259973034603,0.051719538158374156
5.500923571294427,5.751530186600958,0.18795496147989788
7.921851920376824,7.6363059830942435,0.0713864843206451
9.65078889371888,9.535962363523728,0.028706632548788136
5.345830210140231,5.0665355935730245,0.06982365414180158
7.234126587368767,7.599542597616327,0.2740620076856699
8.345549356046165,8.239356209400155,0.02654828666150255
5.763356035380807,5.845102100301921,0.061309548690835936
6.712933568051353,6.588865422411175,0.031017036410044607
3.28143318196962,3.090019787365997,0.047853348650905736
5.226750700075897,4.67169857560282,0.13876303111826926
6.238705285069636,6.177726501214977,0.015244695963664734
7.393273931605569,7.185337077567494,0.05198421350951876
8.162590974882596,7.941556019278185,0.05525873890110278
7.587658824275458,7.848593766669321,0.19570120679539738
7.259909679748283,6.547084054147807,0.17820640640011898
5.011608552320823,4.4681913754739675,0.1358542942117138
8.288191221598291,7.887827034827861,0.10009104669260749
9.108110922386414,9.09067856094661,0.004358090359950939
6.555113700629714,6.400902164284106,0.038552884086402006
8.459115115662028,8.560967618493589,0.07638937712367033
6.411380199523738,6.705084210453581,0.22027800819738208
6.979862593992568,6.651046605863155,0.08220399703235315
5.49255827992988,4.845870279838008,0.1616720000229679
8.457269937317724,8.346549360497672,0.02768014420501297
6.61789443258299,6.321166256114463,0.0741820441171317
8.716414306033986,9.005157668158361,0.21655752159328134
9.291142611741089,9.402739396148233,0.08369758830535812
4.487118470483475,4.198818251321008,0.07207505479061682
6.330763948979789,5.980479228741602,0.08757118005954667
5.85532596614275,5.705758701397918,0.03739181618620813
8.64381482587151,8.512962991082716,0.03271295869719859
7.940512619854178,8.057073438726736,0.08742061415441849
6.690726284652691,6.883494353754239,0.14457605182616073
9.461964341151964,9.100315285501202,0.09041226391269053
7.848107266587123,7.916521838242383,0.051310928741445494
6.999875253066638,7.1579187839040115,0.11853264812803
6.0773919157589775,6.1430607698576924,0.04925164057403619
3.603979890291583,3.4314551001971956,0.04313119752359684
5.476089887643076,5.138303125804492,0.08444669045964615
5.726100207255559,5.242425920878863,0.12091857159417407
7.28970797926767,7.497822293342736,0.1560857355562999
8.953173028959194,8.92520290443167,0.00699253113188103
7.803890296317094,7.50360634838625,0.07507098698271109
4.108158079735795,3.33840495665639,0.19243828076985137
7.236338844689143,7.429990683364164,0.14523887900626575
6.324336071602407,6.1310427166081505,0.048323338748564204
9.805384420331572,9.681479906857506,0.030976128368516598
8.847419175510966,8.468015714886354,0.09485086515615304
6.600096383895512,6.724546089942171,0.09333727953499471
6.339437969289531,5.8670383969751905,0.11809989307858504
7.274373182342602,7.072279904618085,0.0505233194311292
6.93270459555451,7.071062087046386,0.10376811861890678
6.778055487290641,6.122834670648692,0.16380520416048716
6.670050126834267,6.153659136129128,0.1290977476762849
6.11301557098043,5.697105582737067,0.1039774970608407
9.103371727610732,9.547809427681376,0.3333282750529829
7.801192453794144,7.522978530813732,0.06955348074510304
8.693764600530935,8.573610112921987,0.03003862190223705
5.843187937358308,4.847694981960872,0.24887323884935886
6.304762561858449,6.047214010924888,0.06438713773339022
8.602558776238284,8.339525333853114,0.06575836059629259
6.499450626721573,6.3123271696713115,0.046780864262565336
7.464997601365921,7.33982765409104,0.03129248681872032
7.296437186686635,7.136384772923471,0.04001310344079112
4.300704647441211,4.083339389462951,0.05434131449456503
8.642331957759364,8.44934482763742,0.04824678253048598
8.998958817081947,8.90810241562295,0.02271410036474908
8.952173058028219,8.582705641166894,0.09236685421533108
8.531366711132655,8.62058537684519,0.066913999284401
8.120555086134491,8.140429840330746,0.014906065647191546
6.983389808939382,7.209240341289479,0.16938789926257258
7.7282465627088195,7.621346108899301,0.0267251134523796
6.673045052004416,6.3062393068891405,0.09170143627881888
8.382818911099656,8.026528892190337,0.08907250472732997
5.726761443300778,5.543424658933329,0.045834196091862234
5.980413862373636,5.57536831965121,0.10126138568060661
6.1606242309420365,6.2060502813775775,0.03406953782665578
7.931045222953779,7.323901712776804,0.15178587754424377
5.532246838038104,5.740516299467067,0.1562020960717223
8.966198000211733,9.05562859683243,0.06707294746552206
6.972695566191119,7.097635538021486,0.09370497887277573
7.55622787096411,7.438178207288536,0.02951241591889353
6.374567544918484,6.605128351463971,0.1729206049091152
7.37649119363394,6.947776473890737,0.10717867993580077
6.251488736318626,5.9271203927767,0.08109208588548134
6.569670661164131,6.435861261744801,0.033452349854832475
5.455416804333084,5.455428130337225,8.494503105582751e-06
5.222260024896319,4.998414625984083,0.05596134972805911
7.413651720455562,7.318819072171193,0.023708162071092165
7.935511596893298,7.867086614284586,0.017106245652177998
8.576578895032405,8.188791217261702,0.09694691944267575
9.612938294625591,9.192318881865098,0.10515485319012319
8.540697903090363,8.625673899370494,0.06373199721009781
8.893745572127582,8.64161773930335,0.06303195820605811
5.624865210041031,5.626194629602209,0.000997064670884118
9.983606805988025,10.316941939764824,0.2500013503325995
8.866793042626632,8.691689461930192,0.04377589517411007
7.120065832469772,7.585385056960725,0.34898941836821473
6.272196249783213,5.940911526427397,0.08282118083895407
7.607535943698141,7.413954534033974,0.04839535241604187
8.152993808650834,7.801185151324445,0.08795216433159725
6.044817039804771,5.654697909675813,0.09752978253223943
9.559751140547345,9.40958392188066,0.03754180466667112
4.69893857659565,4.185557972185296,0.1283451511025886
8.132792170486171,8.31313122004046,0.1352542871657172
8.902571054212379,8.905467044976271,0.002171993072919598
10.00817786570022,9.884414546046433,0.030940829913447043
5.308207699993411,4.987412124534613,0.08019889386469958
6.131510139118148,6.116451616303111,0.0037646307037590976
8.744720291936916,8.800332162412325,0.04170890285655604
7.0526687822089515,6.974066216585604,0.019650641405836833
8.76471955211047,8.492574205777084,0.06803633658334673
8.60501547817988,8.968748387075431,0.2727996816716636
8.269760318640651,7.840574361779148,0.10729648921537582
5.689430304223636,5.317377061487469,0.09301331068404184
7.581028533096874,7.479843885215315,0.025296161970389752
7.838851538527342,7.695581229573544,0.03581757723844947
8.3999819811073,8.289477261137144,0.027626179992539246
6.114163625603828,5.656180035815264,0.11449589744714106
5.754416277543362,5.103697967757968,0.1626795774463483
6.4644169866102175,6.261257436395272,0.05078988755373626
7.397976392777059,7.112229656666747,0.07143668402757797
8.825164242216134,8.840662938188508,0.011624021979280474
7.776766440367568,7.966003988485349,0.14192816108833628
6.185438558641655,6.106290936418838,0.01978690555570428
7.989313200656737,7.937802467506031,0.012877683287676467
6.933108238787601,7.012740841955483,0.05972445237591151
3.39573654840637,3.084494627379145,0.07781048025680626
6.196501113171066,6.075055610479653,0.03036137567285313
6.402368490869928,6.358892720365988,0.010868942625984923
7.302188181142099,7.409423449183432,0.08042645103099999
9.02586780802299,8.851019524010866,0.043712071003031205
9.8909487125775,9.935363474562818,0.03331107148898793
5.881177712758698,5.417851376865547,0.11583158397328774
6.13052726322322,5.532239145228858,0.1495720294985905
8.34208607178075,8.08796192625745,0.06353103638082525
4.693444944538627,4.718934358923,0.01911706078827935
5.77334201701398,5.857373664107498,0.06302373532013839
6.235441881863715,5.958592463613587,0.06921235456253205
6.168346234885302,6.038557808402867,0.03244710662060868
6.948997053275954,6.403394471774173,0.13640064537544516
8.36742864093865,8.199943303147283,0.04187133444784186
7.05976492876271,6.96328702382474,0.02411947623449251
8.08227464313553,7.788355123660907,0.07347987986865578
7.128409739865658,6.956190530746136,0.043054802279880455
7.44555358791757,7.405951979576149,0.009900402085355253
4.426781761054096,3.943787676536178,0.12074852112947954
6.4144944123606935,6.068610237598414,0.0864710436905698
8.890150950561681,9.229111852849176,0.254220676715621
8.39756604730804,8.429567420805514,0.024001030123105505
8.193549149388053,8.527596101155064,0.2505352138252581
4.271237380591277,3.9361922877870943,0.08376127320104565
6.90715215029886,6.307495089069444,0.1499142653073542
7.854639684024254,7.698366572331913,0.039068277923085315
5.965987850297103,5.9724208106646195,0.004824720275637295
8.690587930266203,8.224068218038656,0.11662992805688654
4.638150655004594,4.268006069249357,0.09253614643880925
6.6884799515828055,6.437420432710499,0.06276487971807665
8.539701035326033,8.360955356329079,0.04468641974923848
8.769529795724063,9.029656209991575,0.19509481070063428
9.842779988717997,9.82673291922031,0.004011767374421549
4.492375114611585,4.525808154551019,0.025074779954575188
7.637977139650724,6.9311488509697785,0.1767070721702364
8.481611464200544,8.691085713406745,0.15710568690465054
6.436067883060785,6.431989574365068,0.0010195771739291981
7.974801333377217,7.922835541913068,0.01299144786603712
6.232329359330923,5.914043082338361,0.07957156924814046
8.004191450314545,8.130774592198653,0.0949373564130811
5.77922287933146,5.365094056284225,0.10353220576180866
6.549451457608384,6.518730957773146,0.007680124958809653
7.091955300587545,6.975577085399608,0.029094553796984224
6.097510179361912,5.853227755406084,0.06107060598895697
6.550613392174058,6.287382267903602,0.06580778106761387
6.617325351386888,6.494408776298616,0.030729143772068035
7.889757894685141,7.9600357590080595,0.05270839824218854
6.286488344374493,6.140248996796208,0.03655983689457121
4.53257999575089,4.435611914413905,0.02424202033424616
9.12817442791224,8.937747932915606,0.04760662374915858
6.156429291397881,5.426842083423012,0.18239680199371722
6.576450720838108,6.3283924274470795,0.06201457334775706
9.323543757097276,9.337635299835702,0.010568657053819042
8.450493506859532,8.240920480518344,0.05239325658529692
7.711167517405892,7.624136791051076,0.021757681588703948
4.538179242468054,4.024035114465958,0.128536032000524
4.552407400379358,4.349984021301059,0.05060584476957475
9.840056341587015,10.091839978542142,0.18883772771634488
9.092621684654542,9.07932806492954,0.0033234049312507175
7.170798196991733,6.850693795130052,0.08002610046542014
9.865735040574185,9.788140978259271,0.019398515578728404
7.384189367046569,7.580041990619633,0.14688946767979782
8.403496519327646,7.993547563610402,0.102487238929311
8.52502768908864,8.541937191733526,0.012682126983664332
8.4040251070068,8.414481306804538,0.007842149848302782
8.520371043700798,8.135946856041148,0.09610604691491265
9.28940403059428,9.333456355562284,0.03303924372600253
8.492071242921968,8.162159334615271,0.08247797707667415
6.516247556742724,6.420504900330764,0.023935664102989973
7.822099499605789,7.426144045524751,0.0989888635202596
7.343890710530395,7.307686973563538,0.009050934241714437
7.336641403167265,7.163220093083342,0.04335532752098081
8.138290068319733,7.862478461032369,0.0689529018218411
5.730002471278558,5.129322146131634,0.15017008128673104
6.936378364398026,6.965798891852339,0.022065395590734838
5.5583825458882705,5.2884400091178705,0.06748563419260001
6.116630425174741,5.829979591607072,0.07166270839191746
6.580229670628444,6.618637631506447,0.028805970658501767
6.449093081200044,6.353522080931276,0.02389275006719216
8.158047823205553,8.13970301161074,0.004586202898703373
7.120083436522884,6.971191909302164,0.03722288180517985
6.660036169103991,6.344802794365435,0.07880834368463896
7.364392834031817,6.885418784608681,0.11974351235578418
6.026955041482664,5.60526025562841,0.10542369646356331
8.721264875022449,8.288252315443271,0.10825313989479435
5.881344195110963,5.442300987733109,0.10976080184446357
7.728971852178347,7.574356891083441,0.03865374027372659
5.827235262225047,5.914530510736609,0.06547143638367126
6.453839532153146,6.542374955944485,0.06640156784350437
5.8685298990206824,6.205182224146768,0.25248924384456384
7.139057467745746,7.310033989549837,0.1282323913530683
6.336815168927629,6.0510633915828365,0.0714379443361981
7.255998866796132,7.051958877131083,0.05100999741626211
6.246425460573515,6.744529052549947,0.3735776939823239
7.904788854173049,7.746937570194673,0.03946282099459397
7.237331184461803,7.048787502326679,0.04713592053378113
6.454820936581793,6.501265150230497,0.034833160236527494
6.656941494191487,6.88791707798307,0.17323168784368725
7.481948868730274,7.44286190779963,0.009771740232661141
7.197348127043668,7.1254081945720955,0.017984983117893094
5.780594664000775,5.370526036926803,0.10251715676849305
11.563821013247765,11.510601173755694,0.013304959873017719
6.806314179979016,7.216369953496423,0.30754183013805547
4.756312392982757,4.957786404802167,0.15110550886455787
9.69736576764392,9.62761875324868,0.01743675359881003
7.944737657199965,7.458120139332169,0.1216543794669489
5.75616894878145,5.633251274462546,0.030729418579725998
6.853532886621014,6.316207537792526,0.13433133720712198
7.140032000888472,6.91608776323993,0.055986059412135525
7.893461285152649,7.579789685443572,0.07841789992726933
7.2198864720927585,6.868309531513411,0.08789423514483685
8.0844140724221,7.720016896020879,0.09109929410030504
8.787743826110397,8.843225676686034,0.041611387931727695
8.2981589997902,8.278937343026744,0.004805414190863999
7.707111716287973,7.813503169188119,0.07979358967510963
9.089498073005764,8.86667065679108,0.05570685405367115
6.202261630397872,6.205190213505468,0.0021964373306975205
5.314939817925059,5.234187301422655,0.020188129125600973
10.20409746078633,9.71341867879078,0.12266969549888751
5.865042252368145,5.988900404559166,0.09289361414326569
8.907190590607527,9.02308027842778,0.08691726586519
9.12398009252158,8.849039034129232,0.06873526459808676
8.728918574823489,8.386246306797682,0.08566806700645158
8.931721580524691,8.412588326257463,0.12978331356680695
6.6938664166041315,6.455901784636155,0.059491157991994115
6.692854809278724,6.47471617761563,0.0545346579157735
8.877400731506558,8.37845254553283,0.12473704649343187
4.933105429518389,4.5136507510371455,0.1048636696203109
5.606967778572443,5.159624978065617,0.11183570012670652
3.640046273258151,3.298334477522394,0.08542794893393924
4.3987826258862714,4.018794364959705,0.09499706523164164
8.486820820303238,8.546785964146398,0.04497385788236974
5.3280001806112764,4.769983733277485,0.1395041118334479
8.421661902492213,8.328250973890428,0.023352732150446087
7.232376830029236,6.984610288350793,0.06194163541961073
9.048675879376152,9.104243150030982,0.04167545299112252
8.584192891138066,8.33570189710319,0.06212274850871902
8.404250067813036,8.106617781645317,0.07440807154192974
5.045404137455519,5.020144442937225,0.006314923629573643
6.078720642325908,5.9764067789595146,0.025578465841598286
7.090980628955861,6.897663059158565,0.048329392449323993
6.390849432285147,6.167051395149002,0.05594950928403608
8.15360384042303,8.057400033237617,0.024050951796353193
3.2220417822504746,3.115717415000964,0.026581091812377666
5.948122311736315,5.6408593555098685,0.07681573905661154
6.866812561900251,6.860781979835094,0.0015076455162892355
9.082117713678258,8.67985262947226,0.10056627105149962
5.432992226933241,5.242699084050196,0.04757328572076114
8.081982590691759,7.857405587794451,0.05614425072432683
6.553027794391576,6.097125498516764,0.11397557396870295
6.155334863101647,5.792346209710955,0.09074716334767308
9.111862198583111,8.888543934023504,0.055829566139901754
6.258819903609525,5.882205093269899,0.0941537025849064
6.432933454515802,6.19983348235968,0.0582749930390305
8.19946266470036,7.84361035145916,0.0889630783102997
6.808046422683697,6.686118103294309,0.030482079847347077
7.882183741850444,7.90929165548476,0.02033093522573748
6.687020485169056,6.986826389412615,0.22485442818266943
5.547677595052129,5.275243163691082,0.06810860784026174
9.50352103635654,9.703974328580127,0.15033996916769032
10.524974545637685,10.541698757808716,0.012543159128273196
8.413230051447265,8.349046787711002,0.016045815934065732
9.06725781954551,9.318615701009362,0.1885184110978888
9.294558524787211,9.668326056341767,0.2803256486659169
9.638181846900023,9.636544610694202,0.00040930905145541985
11.296731454302154,11.051946602453729,0.06119621296210642
6.505031969162295,6.685167233695927,0.1351014484002242
9.627470830759917,9.532392427582831,0.023769600794271373
5.495871143345286,5.0638726837822965,0.10799961489074739
6.8125931229587895,6.380490654992879,0.10802561699147772
6.595301755595357,6.671579045646234,0.0572079675381576
6.846463868428984,6.47979270005249,0.09166779209412335
8.126110239994183,7.720731749635418,0.10134462258969124
5.080394806892646,5.197573952744515,0.08788435938890138
7.149103495158838,6.803027436104633,0.08651901476355128
6.923449619034447,6.72831805829107,0.04878289018584403
4.6139743915881075,4.66486918178588,0.03817109264832941
7.84570003277256,7.571460527612854,0.06855987628992644
6.957354462225592,6.9381257404184735,0.004807180451779525
7.239068623883004,7.240396968870883,0.0009962587409086954
6.71810676408519,6.39074116649698,0.0818413993970526
7.016446355761749,6.666966202033417,0.08737003843208302
7.701933105706184,7.362792473784178,0.08478515798050146
8.101295842408195,7.868439643536499,0.05821404971792399
7.542467621881244,7.786928893158634,0.1833459534580426
6.234924953423425,5.758666029532125,0.119064730972825
7.383476882423119,7.37742913464244,0.0015119369451699338
7.457159139688474,7.519522729915173,0.04677269267002426
10.178731955801236,10.702620934113911,0.3929167337345061
7.406548353272802,7.281042910858998,0.03137636060345095
6.528526751640231,5.996831066989563,0.13292392116266716
5.752266519442701,5.586448684349158,0.04145445877338583
9.277980822488658,8.948816654235667,0.08229104206324767
6.897774582570614,6.981819805085392,0.0630339168860834
8.042623380326805,7.863926731126051,0.044674162300188724
8.713361032435335,8.327443982337188,0.09647926252453676
6.472239227770309,6.059236538450102,0.10325067233005192
6.573436399559991,6.455251722676688,0.02954616922082587
7.458625072956164,7.517926240024512,0.04447587530126107
8.050356005863321,7.685447598957428,0.09122710172647341
6.084109168298945,6.062241492286575,0.005466919003092485
5.614616937326045,5.783286273540961,0.1265020021611869
6.347998044734614,6.5222446798715925,0.13068497635273402
8.113370141634991,7.5384646395862545,0.14372637551218426
5.570601263823777,5.301099212800224,0.06737551275588816
7.926565645564443,7.658942002286525,0.06690591081947939
3.8735332362186696,3.415473186303961,0.11451501247867713
5.899805128319491,5.80058253025282,0.02480564951666775
7.1790939926475845,6.5878157637831265,0.1478195572161145
5.817751371443851,5.950981945001145,0.09992293016797071
8.142440209600087,8.225647667275062,0.062405593256231295
5.508101846852075,5.4917977963583775,0.004076012623424274
8.444276824037466,8.715947677300537,0.20375313994730337
8.05814367219756,8.235105755254967,0.13272156229305576
9.376620587023568,9.492116116181911,0.08662164686875728
6.936862495370916,6.839134474787093,0.024432005145955893
9.562069080529955,8.834488356305513,0.18189518105611047
8.904345894958356,9.145917256146506,0.18117852089111253
6.25302924820843,5.868478209069456,0.0961377597847437
6.541517995283522,6.4812255730648225,0.015073105554674893
8.69797280816535,8.886999100078054,0.14176971893452794
8.480868055183759,8.669845005953633,0.14173271307740531
8.291636713135388,8.393253013170668,0.07621222502646008
7.1010990545256405,6.76277473458702,0.08458107998465514
4.979991520489002,4.827598922914106,0.03809814939372402
6.206760823952416,6.736368955377061,0.39720609856848377
5.308195858290897,5.249270745298721,0.014731278248043989
6.901525220676497,7.138272327020903,0.17756032975830482
8.580081168777696,8.953294545138618,0.279910032270692
6.184515276456887,5.826007065880103,0.08962705264419601
9.270571031202824,9.203277268563742,0.016823440659770483
9.04727993405834,8.459326647271567,0.14698832169669318
7.995161580478001,7.468163840594401,0.13174943497090008
7.751741965322949,7.505169109992363,0.06164321383264637
9.69536982398496,9.6076976261671,0.02191804945446485
7.59767018104789,7.420665134093737,0.04425126173853844
7.749594147891726,7.783886497417907,0.025719262144635824
6.291333789566304,6.405787951434393,0.08584062140106674
6.345385117757426,6.512118177887259,0.12504979509737435
7.778663636687635,7.785750580630174,0.005315207956904544
7.250720040491405,7.134649718101983,0.029017580597355597
6.344640001869231,5.755147692668688,0.14737307730013582
7.4289357011741215,7.230795719209838,0.04953499549107088
6.83565700272681,6.921635825985163,0.0644841174437647
5.2482696548761085,4.736753778867297,0.12787896900220286
9.0623673803937,8.967778919090591,0.023647115325777346
7.416453281628012,7.264545023935209,0.0379770644232007
7.50950195895692,7.333369855826162,0.04403302578268953
8.713460482904733,8.522686879065514,0.04769340095980468
6.675555546515341,6.40147646548852,0.06851977025670508
4.998447851811445,4.822617419178114,0.04395760815833283
6.8749443513020765,6.569496259323747,0.07636202299458228
8.062772593169363,7.727423069239016,0.08383738098258675
7.49523996203069,7.528694201261953,0.02509067942344667
7.644962039205402,7.5450986351629235,0.024965851010619655
6.361498461169777,6.260737263084526,0.025190299521312687
8.722723022000833,8.520475621190538,0.050561850202573755
7.192241684649741,7.169348148592633,0.0057233840142769665
7.900023832141393,7.062143387847423,0.20947011107349245
6.76180644734209,6.432480668270436,0.08233144476791332
6.914433584736351,7.210543915185439,0.22208274783681614
8.169163840130159,8.136732181419777,0.008107914677595307
8.242338280885926,8.20578225569789,0.009139006297008923
5.954769764104305,6.116050460613634,0.12096052238199673
8.238761993082997,7.779206873676734,0.11488877985156587
6.282044444310906,6.034565915415509,0.061869632223849225
3.276354195193675,3.1706267861914545,0.02643185225055511
4.877489230383326,5.181239003691741,0.22781232998131085
5.729435960149358,5.787340331973628,0.04342827886820233
6.308827243412663,6.038330385166776,0.06762421456147183
7.152891373599554,7.0868060791192224,0.01652132362008296
7.335891393288987,6.957594770988489,0.0945741555751245
5.800429554938324,4.978614572716081,0.20545374555556073
4.537530670908262,4.243828437743388,0.07342555829121844
7.049205382753939,6.543118616081286,0.1265216916681633
4.717861952081733,4.575103444310897,0.03568962694270894
8.245722110827376,7.650231176634362,0.1488727335482536
4.90173961233309,4.442726974530151,0.11475315945073472
7.087302491792968,7.063639728918109,0.005915690718714783
8.177151139297779,7.979884596129699,0.04931663579202006
7.2960959018839855,6.84010865980528,0.11399681051967647
5.125753233123715,5.359389483211324,0.17522718756570677
7.264277310837281,7.097933225991821,0.04158602121136501
6.751041648212474,6.688399224951351,0.015660605815280615
6.870242032564562,6.540251106850522,0.08249773142851002
5.840031553906606,5.457610637516809,0.09560522909744917
8.239325731215784,8.173061157052098,0.016566143540921452
6.804206691514832,6.84985341526486,0.03423504281252132
9.259306371871835,9.609468040091825,0.26262125116499213
8.69265939922443,8.657525966659506,0.008783358141231101
7.747245186437434,7.898398283915657,0.11336482310866702
9.43118732294178,9.382600070220589,0.012146813180297755
8.602670795320826,8.419793780642905,0.04571925366948015
7.509429834305738,7.287497782091222,0.055483013053629016
8.374946872960926,8.332306827535751,0.010660011356293797
5.178858592250879,5.131900917200134,0.011739418762686249
7.948466487945946,7.866221370398176,0.02056127938694252
5.587685870841759,5.196965542312898,0.09768008213221524
7.551989181772282,7.411550172573707,0.03510975229964375
8.458038397373327,8.43818933115434,0.0049622665547466305
6.824706763228396,7.228065829315783,0.30251929956554036
5.701643254894199,5.551639074140409,0.037501045188447435
8.35782211710212,8.207056778211653,0.037691334722616876
7.241080508162603,7.288220834015582,0.03535524438973425
7.9749523654315295,8.187737779210376,0.15958906033413522
9.435493100450348,9.304843283419611,0.032662454257684104
4.804635187708885,4.681910099229226,0.030681272119914782
5.682164296193035,5.354274753998926,0.08197238554852726
6.214657273055732,5.967711774417113,0.06173637465965465
8.067765267683956,7.5432838630848655,0.13112035114977272
7.668771972605617,7.736719432274469,0.05096059475163872
7.884136549513673,7.667165434875404,0.05424277865956717
9.034111938907708,8.906980717708208,0.03178280529987498
5.491239892243141,5.284762961363474,0.05161923271991675
4.8078882839152834,4.505809606977877,0.0755196692343516
6.5649920161563875,6.439685725269014,0.03132657272184347
8.876225047969935,8.392258842563207,0.12099155135168216
8.552112489641406,8.577833216830275,0.019290545391651648
7.84090826280944,7.901004875290557,0.04507245936083781
6.545076874563072,6.134490545656867,0.10264658222655121
7.41404832198225,6.959537302674943,0.11362775482682674
8.055676844380262,8.119161134705113,0.04761321774363836
4.12037531555667,4.166785667496094,0.03480776395456808
5.862070164535107,6.005947824369746,0.10790824487597872
6.300469433340454,6.512858430549946,0.15929174790711942
5.694356440216245,5.417699369528241,0.06916426767200101
7.259984959127787,7.591277521662391,0.2484694219009531
7.016831791474241,6.406343820675205,0.15262199269975896
6.759467979160458,6.864650687510555,0.07888703126257268
9.35397364612677,9.41669397744894,0.04704024849162769
6.711699060969391,6.567290767364592,0.03610207340119964
5.5587296608427605,5.118244708688707,0.11012123803851348
4.841986010436579,4.760117966848673,0.020467010896976445
8.857282789166316,8.87384827708344,0.01242411593784265
7.359928478796005,7.425761588542374,0.049374832309776684
6.0811554912453465,6.089675430325803,0.006389954310342505
8.026317757005138,7.676446580865188,0.0874677940349875
6.317124517686406,5.724761969198826,0.14809063712189507
8.106599615884925,7.821370459166837,0.0713072891795219
8.852200051893359,9.234167830356046,0.2864758338470157
6.867320092255092,6.563977792536513,0.07583557492964466
10.868139061460123,10.757124713269445,0.027753587047669726
6.2001045417629745,5.849874123561943,0.08755760455025796
9.38382953126264,9.463800837529645,0.05997847970025383
6.832049598360622,6.319256670918191,0.12819823186060764
6.625287092980169,6.165910895767328,0.11484404930321013
5.976460033223139,6.195443553245469,0.16423764001674734
8.364899908729255,8.482978305657333,0.0885587976960589
6.169812053495617,5.990228269845247,0.044895945912592605
8.601709019543643,8.13379525141397,0.11697844203241825
5.218609932385346,5.243428517177088,0.018613938593806445
5.08106957848984,4.992781984096806,0.022071898598258644
9.49987088611396,9.418455121032672,0.020353941270322196
6.169122192752596,5.814386081439744,0.08868402782821305
6.017019171037214,5.506735787211923,0.12757084595632273
5.990122088830031,5.824434719911496,0.04142184222963374
6.084872089938802,6.06640859963061,0.004615872577047986
8.230072728234402,8.069510936885282,0.04014044783728021
6.4832249783973825,6.615694604255737,0.09935221939376615
5.566463020491776,5.4760439228756885,0.022604774404021866
7.700778121802752,7.210908685418809,0.12246735909598572
7.360451532094543,7.773202991917461,0.3095635948671882
6.692218851383043,6.537800080703801,0.03860469266981048
7.993738812493112,7.78984539769772,0.050973353698848145
10.946858885258193,11.007681703231055,0.04561711347964703
8.56308123000295,7.985917048252561,0.1442910454375974
9.28605806152409,9.19945463266012,0.02165085721599258
6.05214168958441,5.885571656219457,0.04164250834123817
5.576409634670911,4.784373631961607,0.19800900067732607
7.625694701879341,7.621950190590079,0.0009361278223154468
5.920961955386908,5.83898336267547,0.02049464817785962
6.7750845038415575,6.4700266384202525,0.07626446635532624
4.905668186443628,4.8340969547103825,0.017892807933311383
