Selected_Hidden_Layers,Selected_LR,Selected_Weight_Decay,Selected_Update_Step,Decision_Q,Demand_D,Operation_Cost
512-512-512,0.0005,0.0,80,1.4074506759643555,1.0330119142362346,0.09360969043203021
512-512-512,0.0005,0.0,80,1.019539475440979,0.9157980633025052,0.02593535303461844
512-512-512,0.0005,0.0,80,1.6822282075881958,1.510071482738673,0.043039181212380706
512-512-512,0.0005,0.0,80,1.8553781509399414,1.4383645739611508,0.10425339424469765
512-512-512,0.0005,0.0,80,0.9137255549430847,0.7935434891328599,0.03004551645255621
512-512-512,0.0005,0.0,80,1.0646029710769653,0.780718762667452,0.07097105210237833
512-512-512,0.0005,0.0,80,2.0117082595825195,2.0071813363528404,0.0011317308074197951
512-512-512,0.0005,0.0,80,1.2104450464248657,1.393192465945689,0.1370605646406174
512-512-512,0.0005,0.0,80,1.6437433958053589,1.147531291804564,0.12405302600019874
512-512-512,0.0005,0.0,80,1.8901993036270142,1.84425882339332,0.011485120058423559
512-512-512,0.0005,0.0,80,1.3420122861862183,1.2703204424301078,0.01792296093902762
512-512-512,0.0005,0.0,80,1.1576699018478394,0.7715912579726353,0.09651966096880102
512-512-512,0.0005,0.0,80,1.2394633293151855,1.0958976590838505,0.03589141755783376
512-512-512,0.0005,0.0,80,1.4338220357894897,1.270225876688436,0.040899039775263435
512-512-512,0.0005,0.0,80,1.5928255319595337,1.296235172655176,0.07414758982608943
512-512-512,0.0005,0.0,80,1.230939507484436,1.3855914024606208,0.11598892123213861
512-512-512,0.0005,0.0,80,1.8103115558624268,1.6696705393384557,0.035160254130992774
512-512-512,0.0005,0.0,80,2.0929629802703857,2.2090545936382444,0.087068710025894
512-512-512,0.0005,0.0,80,1.3127022981643677,0.9960257341023856,0.07916914101549552
512-512-512,0.0005,0.0,80,2.1708767414093018,1.8382362304640627,0.08316012773630976
512-512-512,0.0005,0.0,80,1.3837591409683228,1.032750885794745,0.08775206379339445
512-512-512,0.0005,0.0,80,2.0882151126861572,1.978723113657474,0.02737299975717078
512-512-512,0.0005,0.0,80,1.8960157632827759,1.878520880136565,0.004373720786552737
512-512-512,0.0005,0.0,80,2.425236701965332,2.4130503041460347,0.003046599454824328
512-512-512,0.0005,0.0,80,1.4501588344573975,1.3264594123637663,0.03092485552340779
512-512-512,0.0005,0.0,80,2.2040116786956787,2.213260868858789,0.006936892622332658
512-512-512,0.0005,0.0,80,2.5644233226776123,2.691062622956519,0.09497947520917993
512-512-512,0.0005,0.0,80,1.9601621627807617,1.5937628611933563,0.09159982539685135
512-512-512,0.0005,0.0,80,1.14181649684906,0.985249892044508,0.03914165120113802
512-512-512,0.0005,0.0,80,2.2754456996917725,2.2106693061681773,0.016194098380898803
512-512-512,0.0005,0.0,80,1.539771556854248,1.2989804886249574,0.06019776705732266
512-512-512,0.0005,0.0,80,1.6193537712097168,1.5423866460590856,0.0192417812876578
512-512-512,0.0005,0.0,80,1.0953035354614258,0.525175194170649,0.1425320853226942
512-512-512,0.0005,0.0,80,1.806467056274414,1.4656833260729871,0.08519593255035673
512-512-512,0.0005,0.0,80,1.1148226261138916,1.3340012373541892,0.1643839584302232
512-512-512,0.0005,0.0,80,1.5009018182754517,1.0784562839242493,0.10561138358780059
512-512-512,0.0005,0.0,80,1.163338303565979,0.960962259371608,0.05059401104859276
512-512-512,0.0005,0.0,80,1.7813876867294312,1.715768469955375,0.016404804193514033
512-512-512,0.0005,0.0,80,1.5086745023727417,1.4329103396538667,0.018941040679718746
512-512-512,0.0005,0.0,80,1.2812511920928955,0.9674960085543725,0.07843879588463076
512-512-512,0.0005,0.0,80,1.8606538772583008,1.7055734237297095,0.03877011338214781
512-512-512,0.0005,0.0,80,1.1217694282531738,0.9547440519730868,0.04175634407002177
512-512-512,0.0005,0.0,80,1.5486148595809937,1.535076978997227,0.003384470145941676
512-512-512,0.0005,0.0,80,1.7453974485397339,1.4751819363490728,0.06755387804766527
512-512-512,0.0005,0.0,80,2.377378463745117,2.4232440037483287,0.03439915500240864
512-512-512,0.0005,0.0,80,1.5546411275863647,1.6888379803772744,0.10064763959318224
512-512-512,0.0005,0.0,80,2.147345781326294,2.0864659599687863,0.015219955339376923
512-512-512,0.0005,0.0,80,1.5017722845077515,1.1969041418634596,0.07621703566107296
512-512-512,0.0005,0.0,80,2.2593677043914795,1.9338733554725789,0.08137358722972515
512-512-512,0.0005,0.0,80,1.4496361017227173,1.427113240920605,0.005630715200528047
512-512-512,0.0005,0.0,80,1.7699731588363647,1.674622784027799,0.023837593702141446
512-512-512,0.0005,0.0,80,1.9419372081756592,1.3208337016958422,0.15527587661995423
512-512-512,0.0005,0.0,80,1.8370680809020996,1.9287374808053503,0.06875204992743805
512-512-512,0.0005,0.0,80,1.2324820756912231,1.3133678076000213,0.06066429893159858
512-512-512,0.0005,0.0,80,2.655390501022339,2.944432510863478,0.21678150738085444
512-512-512,0.0005,0.0,80,2.7627360820770264,2.803945255555193,0.03090688010862508
512-512-512,0.0005,0.0,80,0.8158152103424072,0.3800498664745327,0.10894133596696863
512-512-512,0.0005,0.0,80,1.8071390390396118,1.671264416341754,0.03396865567446444
512-512-512,0.0005,0.0,80,1.4902125597000122,1.4266400187930528,0.015893135226739852
512-512-512,0.0005,0.0,80,1.5890675783157349,1.4417085759591042,0.03683975058915767
512-512-512,0.0005,0.0,80,1.8211973905563354,1.6005864870805546,0.05515272586894521
512-512-512,0.0005,0.0,80,2.093703269958496,1.9130817174274424,0.04515538813276343
512-512-512,0.0005,0.0,80,1.2486892938613892,1.177900105065528,0.01769729719896529
512-512-512,0.0005,0.0,80,2.1187398433685303,1.5965794090832093,0.13054010857133025
512-512-512,0.0005,0.0,80,1.8139678239822388,1.644711353730572,0.0423141175629167
512-512-512,0.0005,0.0,80,1.90176522731781,1.8370964093197617,0.01616720449951209
512-512-512,0.0005,0.0,80,1.0014013051986694,1.0745489617830946,0.054860742438318844
512-512-512,0.0005,0.0,80,2.0426623821258545,2.257451047063614,0.16109149870331962
512-512-512,0.0005,0.0,80,2.0831542015075684,2.0538012779493804,0.007338230889546993
512-512-512,0.0005,0.0,80,2.531733274459839,1.625710323030816,0.2265057378572557
512-512-512,0.0005,0.0,80,2.0935564041137695,2.1037130018907937,0.0076174483327681175
512-512-512,0.0005,0.0,80,1.6234822273254395,1.7384526505646984,0.08622781742944424
512-512-512,0.0005,0.0,80,1.674532175064087,1.913068708871689,0.17890240035570149
512-512-512,0.0005,0.0,80,1.7277060747146606,1.6458978728635711,0.020452050462772375
512-512-512,0.0005,0.0,80,2.464738130569458,2.4268822373172863,0.00946397331304294
512-512-512,0.0005,0.0,80,1.4271804094314575,1.653145705558859,0.1694739720955511
512-512-512,0.0005,0.0,80,1.7585035562515259,1.6718083659723926,0.021673797569783326
512-512-512,0.0005,0.0,80,1.32948637008667,0.9784429979529388,0.08776084303343279
512-512-512,0.0005,0.0,80,1.2659584283828735,1.481918017694879,0.16196969198400407
512-512-512,0.0005,0.0,80,1.717928409576416,1.7409311585440426,0.017252061725719914
512-512-512,0.0005,0.0,80,1.9217191934585571,1.5724584863148263,0.0873151767859327
512-512-512,0.0005,0.0,80,1.7989367246627808,1.4511264709704694,0.08695256342307783
512-512-512,0.0005,0.0,80,1.6638089418411255,1.2135286274046764,0.11257007860911228
512-512-512,0.0005,0.0,80,1.639175534248352,2.030191580213528,0.2932620344738821
512-512-512,0.0005,0.0,80,2.7013461589813232,2.865397906133678,0.12303881036426612
512-512-512,0.0005,0.0,80,1.7200754880905151,1.3735071094103513,0.08664209467004097
512-512-512,0.0005,0.0,80,2.5482177734375,2.535504516662438,0.0031783141937654635
512-512-512,0.0005,0.0,80,2.86031436920166,2.7777767364861954,0.020634408178866193
512-512-512,0.0005,0.0,80,1.7936021089553833,1.7532151421198952,0.010096741708872037
512-512-512,0.0005,0.0,80,1.7629739046096802,1.3533425576306573,0.10240783674475573
512-512-512,0.0005,0.0,80,2.47605562210083,2.5973637637207427,0.09098110621493449
512-512-512,0.0005,0.0,80,1.7353140115737915,1.3561755389464876,0.09478461815682598
512-512-512,0.0005,0.0,80,0.9306872487068176,1.1142591015743133,0.13767888965062175
512-512-512,0.0005,0.0,80,1.047014594078064,0.7386884440900666,0.07708153749699934
512-512-512,0.0005,0.0,80,1.0323153734207153,1.3256670419879246,0.22001375142540697
512-512-512,0.0005,0.0,80,2.5174124240875244,2.4887788141282376,0.007158402489821691
512-512-512,0.0005,0.0,80,1.7346135377883911,1.50124724250028,0.05834157382202776
512-512-512,0.0005,0.0,80,2.100247621536255,2.1336307489415907,0.025037345554001833
512-512-512,0.0005,0.0,80,1.1714696884155273,1.0797568683272123,0.022928205022078763
512-512-512,0.0005,0.0,80,1.1985255479812622,0.7045431652499965,0.12349559568281643
512-512-512,0.0005,0.0,80,1.585904836654663,1.3648961147120782,0.05525218048564623
512-512-512,0.0005,0.0,80,2.1554713249206543,1.8181646886374896,0.08432665907079118
512-512-512,0.0005,0.0,80,1.320642113685608,0.999476099387672,0.08029150357448397
512-512-512,0.0005,0.0,80,0.9832494854927063,0.4994094679277475,0.1209600043912397
512-512-512,0.0005,0.0,80,1.4936095476150513,1.3639852031663615,0.03240608611217244
512-512-512,0.0005,0.0,80,1.7903541326522827,1.6784275830682844,0.02798163739599957
512-512-512,0.0005,0.0,80,1.3075419664382935,1.5760461235193497,0.20137811781079218
512-512-512,0.0005,0.0,80,2.027400016784668,1.1764434628511236,0.2127391384833861
512-512-512,0.0005,0.0,80,1.169197678565979,0.8736880905301496,0.07387739700895735
512-512-512,0.0005,0.0,80,1.7399768829345703,1.473870267595955,0.06652665383465384
512-512-512,0.0005,0.0,80,1.753444790840149,2.0004790276317097,0.18527567759367058
512-512-512,0.0005,0.0,80,1.0709553956985474,1.2542288819012055,0.13745511465199362
512-512-512,0.0005,0.0,80,2.192700147628784,2.189931650511282,0.0006921242793755944
512-512-512,0.0005,0.0,80,1.089123249053955,1.1198679411280592,0.023058519055578097
512-512-512,0.0005,0.0,80,2.3562285900115967,2.4307372586961886,0.055881501513443954
512-512-512,0.0005,0.0,80,1.9509830474853516,1.6789967114104436,0.06799658401872699
512-512-512,0.0005,0.0,80,2.2413816452026367,1.7694453136909611,0.1179840828779189
512-512-512,0.0005,0.0,80,2.273200273513794,2.0022699547702936,0.0677325796858751
512-512-512,0.0005,0.0,80,2.965895414352417,3.222458600934021,0.19242238993620286
512-512-512,0.0005,0.0,80,2.1121103763580322,2.625153859023652,0.3847826119992147
512-512-512,0.0005,0.0,80,1.9288312196731567,2.0378805897139944,0.08178702753062828
512-512-512,0.0005,0.0,80,0.9930962920188904,1.0865217094177613,0.07006906304915317
512-512-512,0.0005,0.0,80,1.9277215003967285,1.7686127552241826,0.03977718629313648
512-512-512,0.0005,0.0,80,1.0329995155334473,0.6567546238572584,0.09406122291904723
512-512-512,0.0005,0.0,80,1.0760055780410767,0.4802342382449476,0.14894283494903227
512-512-512,0.0005,0.0,80,2.182438611984253,2.044563924948655,0.03446867175889945
512-512-512,0.0005,0.0,80,2.638455629348755,2.859698941541569,0.1659324841446106
512-512-512,0.0005,0.0,80,1.4320262670516968,0.7260825639042829,0.17648592578685346
512-512-512,0.0005,0.0,80,1.6300548315048218,1.8560268414466063,0.16947900745633843
512-512-512,0.0005,0.0,80,1.3874090909957886,1.08812294489328,0.07482153652562712
512-512-512,0.0005,0.0,80,1.8283672332763672,1.865030561624909,0.02749749626140635
512-512-512,0.0005,0.0,80,1.6034027338027954,1.668200369232845,0.04859822657253726
512-512-512,0.0005,0.0,80,2.3464155197143555,2.312432583952366,0.008495733940497407
512-512-512,0.0005,0.0,80,1.1189874410629272,0.8611708296930818,0.06445415284246137
512-512-512,0.0005,0.0,80,1.0248502492904663,0.8425362866419107,0.0455784906621389
512-512-512,0.0005,0.0,80,1.8678723573684692,1.9620831167538288,0.07065806953901971
512-512-512,0.0005,0.0,80,1.4221994876861572,1.1394249336746356,0.07069363850288041
512-512-512,0.0005,0.0,80,1.6702162027359009,1.5172355654222462,0.03824515932841366
512-512-512,0.0005,0.0,80,0.7904101014137268,0.1303492215017139,0.16501521997800322
512-512-512,0.0005,0.0,80,1.942582607269287,2.193182067510951,0.18794959518124776
512-512-512,0.0005,0.0,80,2.430997133255005,2.0149792425042374,0.10400447268769186
512-512-512,0.0005,0.0,80,1.280694603919983,0.9759785721568208,0.07617900794079052
512-512-512,0.0005,0.0,80,1.4547851085662842,0.9301891257989068,0.13114899569184435
512-512-512,0.0005,0.0,80,1.5914162397384644,1.325731282527574,0.06642123930272259
512-512-512,0.0005,0.0,80,1.890807032585144,2.2819484879578233,0.2933560915295095
512-512-512,0.0005,0.0,80,1.6539710760116577,1.4895149459516368,0.04111403251500523
512-512-512,0.0005,0.0,80,2.342130184173584,2.1828401182908412,0.03982251647068569
512-512-512,0.0005,0.0,80,1.1483116149902344,0.7475781634804302,0.10018336287745105
512-512-512,0.0005,0.0,80,2.1190710067749023,1.970454844085458,0.03715404067236111
512-512-512,0.0005,0.0,80,1.6870585680007935,1.3620871575561542,0.08124285261115982
512-512-512,0.0005,0.0,80,1.3343794345855713,0.863025471530062,0.11783849076387731
512-512-512,0.0005,0.0,80,2.1790051460266113,1.6267836727091625,0.13805536832936222
512-512-512,0.0005,0.0,80,1.3121631145477295,0.9362936433505712,0.09396736779928958
512-512-512,0.0005,0.0,80,1.354304313659668,1.0710167051696802,0.07082190212249695
512-512-512,0.0005,0.0,80,1.394606590270996,1.027836201586226,0.09169259717119255
512-512-512,0.0005,0.0,80,0.9214183688163757,0.8885023005998746,0.008229017054125293
512-512-512,0.0005,0.0,80,1.1279019117355347,0.979586370731508,0.037078885251006666
512-512-512,0.0005,0.0,80,2.244616985321045,2.1574860488077823,0.02178273412831566
512-512-512,0.0005,0.0,80,1.379356026649475,1.6105251822660562,0.17337686671243585
512-512-512,0.0005,0.0,80,1.2713209390640259,0.4070781047767652,0.21606070857181517
512-512-512,0.0005,0.0,80,1.5631564855575562,1.5116697889738548,0.012871674145925327
512-512-512,0.0005,0.0,80,1.0937998294830322,0.9931835130328012,0.025154079112557765
512-512-512,0.0005,0.0,80,1.5548545122146606,1.1573713027000734,0.09937080237864682
512-512-512,0.0005,0.0,80,0.9320836663246155,1.047358488940495,0.08645611696190963
512-512-512,0.0005,0.0,80,1.2505102157592773,1.2304191245121934,0.0050227728117709924
512-512-512,0.0005,0.0,80,2.1116366386413574,2.0154831208885087,0.024038379438212187
512-512-512,0.0005,0.0,80,2.0225305557250977,1.479828108925783,0.13567561169982867
512-512-512,0.0005,0.0,80,1.2970433235168457,1.026390514257128,0.06766320231492945
512-512-512,0.0005,0.0,80,0.9774712920188904,0.8357441100388858,0.03543179549500114
512-512-512,0.0005,0.0,80,2.9319467544555664,3.010911510547164,0.05922356706869836
512-512-512,0.0005,0.0,80,1.3902915716171265,1.4800017971290014,0.06728266913390618
512-512-512,0.0005,0.0,80,1.8195956945419312,1.70498894559048,0.028651687237862766
512-512-512,0.0005,0.0,80,1.5941733121871948,1.890308601345057,0.2221014668683966
512-512-512,0.0005,0.0,80,0.9201473593711853,1.0132381058921571,0.06981805989072887
512-512-512,0.0005,0.0,80,1.1903244256973267,1.0652449824550967,0.03126986081055749
512-512-512,0.0005,0.0,80,1.0374579429626465,1.2794517611199707,0.18149536361799318
512-512-512,0.0005,0.0,80,2.2448232173919678,1.7683814112210157,0.11911045154273803
512-512-512,0.0005,0.0,80,1.6903460025787354,1.5214142490910685,0.04223293837191672
512-512-512,0.0005,0.0,80,1.1576812267303467,0.4346183947468125,0.18076570799588354
512-512-512,0.0005,0.0,80,1.2241439819335938,1.2883756496623056,0.048173750796533854
512-512-512,0.0005,0.0,80,1.912087082862854,1.3822899105472093,0.13244929307891118
512-512-512,0.0005,0.0,80,1.6633517742156982,1.3664341477579298,0.0742294066144421
512-512-512,0.0005,0.0,80,1.1929374933242798,0.8933601337999972,0.07489433988107064
512-512-512,0.0005,0.0,80,0.770703136920929,0.918111858077154,0.11055654086716879
512-512-512,0.0005,0.0,80,1.93497633934021,1.562042433701126,0.09323347640977098
512-512-512,0.0005,0.0,80,2.0254039764404297,1.731272932567185,0.07353276096831118
512-512-512,0.0005,0.0,80,1.2806674242019653,1.340952049311679,0.04521346883228533
512-512-512,0.0005,0.0,80,1.4835366010665894,1.247515858584329,0.059005185620565115
512-512-512,0.0005,0.0,80,1.3926252126693726,1.2417804388127267,0.03771119346416146
512-512-512,0.0005,0.0,80,1.6630033254623413,1.2816991606359929,0.09532604120658711
512-512-512,0.0005,0.0,80,2.1701481342315674,2.2067993746870753,0.027488430341630954
512-512-512,0.0005,0.0,80,1.5082993507385254,1.5492669757234256,0.03072571873867519
512-512-512,0.0005,0.0,80,1.9115279912948608,1.290430348077102,0.1552744108044397
512-512-512,0.0005,0.0,80,2.0667784214019775,1.777284305064541,0.07237352908435912
512-512-512,0.0005,0.0,80,1.0376198291778564,0.6300013120933183,0.10190462927113453
512-512-512,0.0005,0.0,80,2.5292367935180664,2.3522656982955192,0.04424277380563679
512-512-512,0.0005,0.0,80,0.9026448130607605,0.9529222253120284,0.03770805918845094
512-512-512,0.0005,0.0,80,0.8105795979499817,0.887450297946271,0.057653024997216945
512-512-512,0.0005,0.0,80,1.6594908237457275,1.2569481266108649,0.10063567428371567
512-512-512,0.0005,0.0,80,1.2910791635513306,1.1835428288254035,0.026884083681481763
512-512-512,0.0005,0.0,80,1.3165439367294312,0.9712649478618224,0.08631974721690219
512-512-512,0.0005,0.0,80,2.0645225048065186,1.683423953534426,0.09527463781802314
512-512-512,0.0005,0.0,80,1.9519953727722168,2.0677892782336675,0.08684542909608806
512-512-512,0.0005,0.0,80,1.1692419052124023,1.3488709075748906,0.13472175177186618
512-512-512,0.0005,0.0,80,1.0261722803115845,0.6910224607604865,0.0837874548877745
512-512-512,0.0005,0.0,80,1.4405103921890259,1.499235608245256,0.04404391204217262
512-512-512,0.0005,0.0,80,0.7830067276954651,0.557169844453288,0.056459220810544275
512-512-512,0.0005,0.0,80,0.723856508731842,0.7504362764035077,0.019934825753749275
512-512-512,0.0005,0.0,80,1.5243533849716187,1.66370986805279,0.10451736231087849
512-512-512,0.0005,0.0,80,1.461265206336975,1.061751894912032,0.0998783278562358
512-512-512,0.0005,0.0,80,2.003596544265747,1.5227804312589948,0.12020402825168808
512-512-512,0.0005,0.0,80,1.9250396490097046,1.7788021022269462,0.03655938669568959
512-512-512,0.0005,0.0,80,1.156938076019287,1.3273605861089388,0.12781688256723878
512-512-512,0.0005,0.0,80,1.2461000680923462,1.8515398379031256,0.45407982735808455
512-512-512,0.0005,0.0,80,1.0244354009628296,0.6586106303147039,0.09145619266203142
512-512-512,0.0005,0.0,80,2.253913164138794,1.8461437004410133,0.10194236592444517
512-512-512,0.0005,0.0,80,1.5677050352096558,1.4071824372711188,0.04013064948463424
512-512-512,0.0005,0.0,80,2.431407928466797,2.473491180287036,0.0315624388651794
512-512-512,0.0005,0.0,80,2.3107757568359375,1.821049447493135,0.12243157733570065
512-512-512,0.0005,0.0,80,1.704945683479309,1.743047709682651,0.028576519652506516
512-512-512,0.0005,0.0,80,1.7149027585983276,1.4945371075227227,0.05509141276890123
512-512-512,0.0005,0.0,80,2.8213226795196533,2.7896286133744956,0.007923516536289421
512-512-512,0.0005,0.0,80,2.875359296798706,2.7309467394979707,0.03610313932518383
512-512-512,0.0005,0.0,80,1.120118260383606,1.0674438502845125,0.013168602524773365
512-512-512,0.0005,0.0,80,2.1390433311462402,1.83332966719406,0.07642841598804506
512-512-512,0.0005,0.0,80,1.5467286109924316,1.656400112852845,0.08225362639530998
512-512-512,0.0005,0.0,80,1.7365816831588745,1.400175997959611,0.0841014212998159
512-512-512,0.0005,0.0,80,1.7766746282577515,1.673823770336367,0.02571271448034612
512-512-512,0.0005,0.0,80,1.8781390190124512,1.6097758490121887,0.06709079250006561
512-512-512,0.0005,0.0,80,1.3955267667770386,1.2382215397901355,0.03932630674672577
512-512-512,0.0005,0.0,80,1.9100786447525024,2.0165155351997877,0.07982766783546391
512-512-512,0.0005,0.0,80,1.3157302141189575,1.453056088391003,0.10299440570403418
512-512-512,0.0005,0.0,80,1.2736051082611084,1.1644285510624162,0.02729413929967306
512-512-512,0.0005,0.0,80,1.4208590984344482,0.8638275013498945,0.13925789927113844
512-512-512,0.0005,0.0,80,1.0458396673202515,0.6815393071276926,0.09107509004813971
512-512-512,0.0005,0.0,80,1.4583613872528076,1.3618567398757666,0.024126161844260252
512-512-512,0.0005,0.0,80,1.1897058486938477,0.917526558761466,0.0680448224830954
512-512-512,0.0005,0.0,80,1.2506004571914673,0.7319795842244707,0.12965521824174914
512-512-512,0.0005,0.0,80,2.6331145763397217,2.648628742801729,0.011635624846505488
512-512-512,0.0005,0.0,80,1.2093557119369507,1.1473133863354632,0.01551058140037187
512-512-512,0.0005,0.0,80,0.8456894755363464,0.8939310576926036,0.036181186617192884
512-512-512,0.0005,0.0,80,1.5436607599258423,0.7972098568953372,0.18661272575762627
512-512-512,0.0005,0.0,80,1.829443335533142,2.033150226563675,0.15278016827289964
512-512-512,0.0005,0.0,80,0.9912697672843933,0.6147425676767688,0.09413179990190612
512-512-512,0.0005,0.0,80,1.4723199605941772,1.3710679416564318,0.025313004734436373
512-512-512,0.0005,0.0,80,2.7100138664245605,2.5503368427906734,0.039919255908471785
512-512-512,0.0005,0.0,80,1.5669511556625366,1.4258017187207368,0.035287359235449955
512-512-512,0.0005,0.0,80,1.6348671913146973,1.5180016529449292,0.029216384592442024
512-512-512,0.0005,0.0,80,0.8291411995887756,0.6438512310265261,0.04632249214056239
512-512-512,0.0005,0.0,80,1.5602649450302124,1.8399448807108756,0.2097599517604974
512-512-512,0.0005,0.0,80,1.8147743940353394,1.3216889741501647,0.12327135497129366
512-512-512,0.0005,0.0,80,1.1423660516738892,1.3321820659531078,0.142362010709414
512-512-512,0.0005,0.0,80,1.243035912513733,1.4836650308793833,0.18047183877423778
512-512-512,0.0005,0.0,80,3.1962287425994873,3.147940515387816,0.012072056802917785
512-512-512,0.0005,0.0,80,1.8083373308181763,1.7756397533051482,0.00817439437825701
512-512-512,0.0005,0.0,80,1.2173675298690796,0.5148753361830016,0.1756230484215195
512-512-512,0.0005,0.0,80,1.3062900304794312,1.1752451106392054,0.032761229960056426
512-512-512,0.0005,0.0,80,1.0345526933670044,0.8005346799039756,0.05850450336575719
512-512-512,0.0005,0.0,80,0.9030978083610535,0.8702251568155183,0.0082181628863838
512-512-512,0.0005,0.0,80,1.0212898254394531,0.6990982253925888,0.08054790001171608
512-512-512,0.0005,0.0,80,1.7556310892105103,1.2502356978050884,0.12634884785135547
512-512-512,0.0005,0.0,80,0.8824034333229065,0.963592604801362,0.060891878608841626
512-512-512,0.0005,0.0,80,1.3244333267211914,1.4088872672978308,0.06334045543247951
512-512-512,0.0005,0.0,80,1.9027317762374878,2.087752754070412,0.1387657333746931
512-512-512,0.0005,0.0,80,1.6378109455108643,1.9033887669360037,0.19918336606885456
512-512-512,0.0005,0.0,80,1.7095345258712769,1.671654053323529,0.009470118136936989
512-512-512,0.0005,0.0,80,2.410308599472046,2.6260385045048618,0.1617974287746119
512-512-512,0.0005,0.0,80,1.738498568534851,1.4624150664892577,0.06902087551139835
512-512-512,0.0005,0.0,80,1.2616121768951416,0.6712488258697071,0.14759083775635862
512-512-512,0.0005,0.0,80,1.8504036664962769,2.2421851775733197,0.29383613330778213
512-512-512,0.0005,0.0,80,1.7674058675765991,1.2683416771237677,0.12476604761320786
512-512-512,0.0005,0.0,80,1.9023267030715942,1.755131306121478,0.036798849237529074
512-512-512,0.0005,0.0,80,1.7483408451080322,1.8015011334273705,0.03987021623950371
512-512-512,0.0005,0.0,80,1.490247130393982,1.2504345751012362,0.059953138823186425
512-512-512,0.0005,0.0,80,1.9238699674606323,1.136252394273916,0.19690439329667908
512-512-512,0.0005,0.0,80,1.2250350713729858,0.6584919907860177,0.14163577014674203
512-512-512,0.0005,0.0,80,0.7396577596664429,0.4698526352130558,0.06745128111334676
512-512-512,0.0005,0.0,80,1.2098760604858398,0.8596680541342686,0.08755200158789281
512-512-512,0.0005,0.0,80,1.3565090894699097,1.5268955666914448,0.12778985791615133
512-512-512,0.0005,0.0,80,2.1123268604278564,2.0819168653613422,0.0076024987666285515
512-512-512,0.0005,0.0,80,1.6559392213821411,1.2926238058236383,0.0908288538896257
512-512-512,0.0005,0.0,80,1.5059610605239868,1.1910359014927254,0.07873128975781535
512-512-512,0.0005,0.0,80,1.0809040069580078,0.5602690086617721,0.13015874957405893
512-512-512,0.0005,0.0,80,1.212448000907898,1.1930123051754662,0.004858923933107939
512-512-512,0.0005,0.0,80,1.4492803812026978,0.9861092967081788,0.11579277112362973
512-512-512,0.0005,0.0,80,2.347292184829712,2.128939979231589,0.05458805139953071
512-512-512,0.0005,0.0,80,1.7334061861038208,1.6665081245730202,0.016724515382700145
512-512-512,0.0005,0.0,80,2.239654779434204,2.6729109277012055,0.32494211120025107
512-512-512,0.0005,0.0,80,1.442694067955017,1.7132744792552643,0.20293530847518543
512-512-512,0.0005,0.0,80,1.2329469919204712,1.4118650889694495,0.13418857278673374
512-512-512,0.0005,0.0,80,1.9943186044692993,2.036558357137298,0.03167981450099888
512-512-512,0.0005,0.0,80,2.4644856452941895,2.5915347892391214,0.09528685795869896
512-512-512,0.0005,0.0,80,1.8159111738204956,1.5780187413018172,0.059473108129669605
512-512-512,0.0005,0.0,80,1.4264675378799438,1.336308365778354,0.022539793025397437
512-512-512,0.0005,0.0,80,1.6696959733963013,1.1296614135639589,0.1350086399580856
512-512-512,0.0005,0.0,80,1.8485033512115479,1.731051035092997,0.029363079029637695
512-512-512,0.0005,0.0,80,1.713815689086914,1.537732415411836,0.044020818418769536
512-512-512,0.0005,0.0,80,1.0568103790283203,1.021840639037728,0.008742434997648096
512-512-512,0.0005,0.0,80,0.992416501045227,0.9087438857830028,0.020918153815556062
512-512-512,0.0005,0.0,80,1.6273735761642456,1.515428084097205,0.027986373016760158
512-512-512,0.0005,0.0,80,1.6848160028457642,1.5302756179596084,0.038635096221538934
512-512-512,0.0005,0.0,80,1.6179795265197754,1.6228763742050911,0.003672635763986798
512-512-512,0.0005,0.0,80,1.3249098062515259,1.3071587790293622,0.004437756805540927
512-512-512,0.0005,0.0,80,1.2978307008743286,1.1070779845869794,0.04768817907183731
512-512-512,0.0005,0.0,80,1.3783701658248901,1.4465168304301632,0.05110999845395481
512-512-512,0.0005,0.0,80,1.6225389242172241,2.264443406718351,0.48142836187584515
512-512-512,0.0005,0.0,80,1.410712718963623,1.267922994491368,0.03569743111806378
512-512-512,0.0005,0.0,80,1.0559953451156616,1.4925759650652677,0.32743546496220455
512-512-512,0.0005,0.0,80,1.9411582946777344,2.447987600069963,0.38012197904417144
512-512-512,0.0005,0.0,80,1.9226831197738647,1.4735616998868275,0.11228035497175931
512-512-512,0.0005,0.0,80,1.2399230003356934,1.2558186910689466,0.01192176804993994
512-512-512,0.0005,0.0,80,1.1033345460891724,0.8936955331265402,0.05240975324065805
512-512-512,0.0005,0.0,80,1.7541149854660034,1.6099808623551115,0.03603353077772298
512-512-512,0.0005,0.0,80,1.0982457399368286,0.641998082547466,0.11406191434734064
512-512-512,0.0005,0.0,80,1.3307769298553467,0.9084366593407056,0.10558506762866027
512-512-512,0.0005,0.0,80,1.4202466011047363,1.3087798522310476,0.02786668721842217
512-512-512,0.0005,0.0,80,1.1187646389007568,1.2506488915770304,0.09891318950720518
512-512-512,0.0005,0.0,80,1.5488466024398804,1.2456415900531426,0.07580125309668445
512-512-512,0.0005,0.0,80,1.787087321281433,1.7286677303308553,0.014604897737644451
512-512-512,0.0005,0.0,80,2.2068631649017334,2.215183587855084,0.006240317215012836
512-512-512,0.0005,0.0,80,1.0542514324188232,1.722934222230919,0.5015120923590718
512-512-512,0.0005,0.0,80,1.962097406387329,2.208031998846782,0.18445094434458953
512-512-512,0.0005,0.0,80,2.2619059085845947,1.6285654385401436,0.1583351175111128
512-512-512,0.0005,0.0,80,1.7410815954208374,1.5408228479767898,0.0500646868610119
512-512-512,0.0005,0.0,80,1.2685365676879883,1.2977049586681346,0.021876293235109756
512-512-512,0.0005,0.0,80,1.6555304527282715,1.0837210163816602,0.14295235908665282
512-512-512,0.0005,0.0,80,2.86281418800354,3.049920686520871,0.14032987388799822
512-512-512,0.0005,0.0,80,2.1001439094543457,2.008826084967357,0.022829456121747138
512-512-512,0.0005,0.0,80,1.8795684576034546,1.5710087768563563,0.07713992018677457
512-512-512,0.0005,0.0,80,1.377097249031067,1.3610492235517249,0.004012006369835508
512-512-512,0.0005,0.0,80,2.24847149848938,2.066036097697319,0.045608850198015194
512-512-512,0.0005,0.0,80,2.075744390487671,2.2840096589213994,0.15619895132529638
512-512-512,0.0005,0.0,80,1.4268107414245605,1.287183014112113,0.03490693182811189
512-512-512,0.0005,0.0,80,1.7324235439300537,1.493402272022224,0.059755317976957434
512-512-512,0.0005,0.0,80,1.9996649026870728,1.4166110338364213,0.14576346721266287
512-512-512,0.0005,0.0,80,1.1076563596725464,0.9446746538640516,0.0407454264521237
512-512-512,0.0005,0.0,80,1.8321728706359863,2.135403459897677,0.227422941946268
512-512-512,0.0005,0.0,80,1.999498963356018,1.949511963643891,0.012496749928031792
512-512-512,0.0005,0.0,80,1.2437399625778198,0.875784736853671,0.09198880643103721
512-512-512,0.0005,0.0,80,1.1514430046081543,0.9727206249785316,0.04468059490740567
512-512-512,0.0005,0.0,80,1.0848299264907837,0.6327091487675075,0.11303019443081905
512-512-512,0.0005,0.0,80,1.162277340888977,1.3306498519966374,0.1262793833307453
512-512-512,0.0005,0.0,80,1.8679174184799194,2.2559698257262797,0.2910393054347702
512-512-512,0.0005,0.0,80,1.7842708826065063,1.825501288389652,0.030922804337359222
512-512-512,0.0005,0.0,80,1.3069754838943481,1.027917857716807,0.06976440654438526
512-512-512,0.0005,0.0,80,2.5565764904022217,2.7652051036620637,0.15647145994488154
512-512-512,0.0005,0.0,80,0.9186347126960754,0.9391241345939771,0.015367066423426279
512-512-512,0.0005,0.0,80,2.072084903717041,1.610636538637653,0.11536209126984698
512-512-512,0.0005,0.0,80,1.0974743366241455,1.2237236351927705,0.09468697392646874
512-512-512,0.0005,0.0,80,2.3063759803771973,1.8338183258170384,0.11813941364003971
512-512-512,0.0005,0.0,80,1.4369081258773804,1.1052367247060126,0.08291785029284193
512-512-512,0.0005,0.0,80,1.1942721605300903,0.6667560793772821,0.13187902028820206
512-512-512,0.0005,0.0,80,2.6238410472869873,2.529036388584063,0.023701164675731023
512-512-512,0.0005,0.0,80,1.4181257486343384,1.007575502004518,0.10263756165745508
512-512-512,0.0005,0.0,80,0.7651917338371277,0.5665530409426638,0.049659673223615974
512-512-512,0.0005,0.0,80,1.0606979131698608,0.8170498153817629,0.06091202444702448
512-512-512,0.0005,0.0,80,0.914258599281311,0.5663647375283485,0.08697346543824064
512-512-512,0.0005,0.0,80,2.3368842601776123,1.9327836456314855,0.1010251536365317
512-512-512,0.0005,0.0,80,1.9807391166687012,1.6319737494804198,0.08719134179707033
512-512-512,0.0005,0.0,80,1.83427894115448,1.8667389662710971,0.024345018837462873
512-512-512,0.0005,0.0,80,2.7370543479919434,2.1354503461350367,0.15040100046422666
512-512-512,0.0005,0.0,80,1.2475563287734985,0.8733932697452624,0.09354076475705903
512-512-512,0.0005,0.0,80,2.4755523204803467,2.2548009214621443,0.0551878497545506
512-512-512,0.0005,0.0,80,2.261096715927124,1.803593411976277,0.11437582598771173
512-512-512,0.0005,0.0,80,1.3263112306594849,1.246410877653554,0.019975088251482698
512-512-512,0.0005,0.0,80,2.3989570140838623,2.0952856643646256,0.07591783742980918
512-512-512,0.0005,0.0,80,1.141099214553833,0.6129128227823906,0.1320465979428606
512-512-512,0.0005,0.0,80,1.1532310247421265,0.9660262037013836,0.04680120526018572
512-512-512,0.0005,0.0,80,1.2824207544326782,1.0665430769221471,0.05396941937763278
512-512-512,0.0005,0.0,80,1.150217056274414,0.9663162526969944,0.04597520089435492
512-512-512,0.0005,0.0,80,1.271375060081482,0.9674275846120304,0.07598686886736289
512-512-512,0.0005,0.0,80,2.833652973175049,2.7556637782962583,0.01949729871969763
512-512-512,0.0005,0.0,80,1.7753868103027344,1.82945200862696,0.04054889874316914
512-512-512,0.0005,0.0,80,1.4441107511520386,1.1677263785209846,0.0690960931577635
512-512-512,0.0005,0.0,80,1.435828685760498,1.5435252831609727,0.080772448050356
512-512-512,0.0005,0.0,80,1.890608310699463,1.422714509336706,0.11697345034068923
512-512-512,0.0005,0.0,80,1.187308430671692,1.0019176705335864,0.04634769003452638
512-512-512,0.0005,0.0,80,1.79640531539917,1.88779001206982,0.06853852250298748
512-512-512,0.0005,0.0,80,2.500943899154663,2.5318601308287776,0.023187173755585877
512-512-512,0.0005,0.0,80,1.3290356397628784,0.930373254025038,0.0996655964344601
512-512-512,0.0005,0.0,80,1.0265737771987915,0.9251640358848906,0.025352435328475226
512-512-512,0.0005,0.0,80,1.61069655418396,1.672690345503472,0.04649534348963408
512-512-512,0.0005,0.0,80,1.194627046585083,0.9333187885616062,0.0653270645058692
512-512-512,0.0005,0.0,80,1.5048243999481201,1.091955357971205,0.1032172604942288
512-512-512,0.0005,0.0,80,1.465275526046753,1.137922769344749,0.08183818917550101
512-512-512,0.0005,0.0,80,2.0931928157806396,2.154785378873327,0.04619442231951543
512-512-512,0.0005,0.0,80,2.054227352142334,2.1637063100288736,0.0821092184149047
512-512-512,0.0005,0.0,80,1.7715134620666504,1.4997826474001972,0.0679327036666133
512-512-512,0.0005,0.0,80,1.6222478151321411,1.6291154497832112,0.0051507259883025736
512-512-512,0.0005,0.0,80,1.239064335823059,1.4061988900447484,0.125350915666267
512-512-512,0.0005,0.0,80,1.6047749519348145,1.7319886759715424,0.09541029302754594
512-512-512,0.0005,0.0,80,1.0316179990768433,0.6449818256268204,0.09665904336250572
512-512-512,0.0005,0.0,80,0.8496202826499939,0.4801750961875082,0.09236129661562142
512-512-512,0.0005,0.0,80,1.6260510683059692,0.959596766958203,0.16661357533694157
512-512-512,0.0005,0.0,80,2.0252621173858643,1.846096959834986,0.04479128938771959
512-512-512,0.0005,0.0,80,1.6997896432876587,1.2919733608371966,0.10195407061261552
512-512-512,0.0005,0.0,80,1.5080785751342773,1.6692804210982544,0.12090138447298276
512-512-512,0.0005,0.0,80,1.5810900926589966,1.1313235609487615,0.11244163292755877
512-512-512,0.0005,0.0,80,1.0356398820877075,0.6227107018332149,0.10323229506362316
512-512-512,0.0005,0.0,80,1.6143385171890259,1.4957682561338612,0.029642565263791165
512-512-512,0.0005,0.0,80,1.4228417873382568,0.987301549329645,0.10888505950215296
512-512-512,0.0005,0.0,80,2.3612873554229736,2.2757673367271107,0.021380004673965725
512-512-512,0.0005,0.0,80,1.6555497646331787,1.25352727403412,0.1005056226497647
512-512-512,0.0005,0.0,80,1.2194257974624634,0.8583861262493673,0.09025991780327403
512-512-512,0.0005,0.0,80,1.0925744771957397,1.3026560622812584,0.157561188814139
512-512-512,0.0005,0.0,80,1.7821546792984009,1.1846167337031046,0.14938448639882407
512-512-512,0.0005,0.0,80,1.0189474821090698,0.964525943006342,0.013605384775681961
512-512-512,0.0005,0.0,80,1.6382492780685425,1.1757298571422816,0.11562985523156522
512-512-512,0.0005,0.0,80,1.8243556022644043,1.5907798204808778,0.05839394544588161
512-512-512,0.0005,0.0,80,2.319424629211426,1.7779197866025178,0.135376210652227
512-512-512,0.0005,0.0,80,2.142240285873413,1.9061985243508324,0.05901044038064518
512-512-512,0.0005,0.0,80,1.7338778972625732,1.9350833874629536,0.15090411765028527
512-512-512,0.0005,0.0,80,1.1244465112686157,1.3274744878780558,0.15227098245708004
512-512-512,0.0005,0.0,80,1.0993484258651733,1.223476796812402,0.09309627821042155
512-512-512,0.0005,0.0,80,1.1660195589065552,0.9827170546756384,0.04582562605772919
512-512-512,0.0005,0.0,80,1.5263632535934448,1.1825103666792034,0.08596322172856036
512-512-512,0.0005,0.0,80,1.4554986953735352,1.543307428766063,0.06585655004439595
512-512-512,0.0005,0.0,80,0.9863060116767883,0.7187083871194269,0.06689940613934037
512-512-512,0.0005,0.0,80,2.9751269817352295,2.9865171810028204,0.008542649450693163
512-512-512,0.0005,0.0,80,2.0048396587371826,1.73270231703129,0.06803433542647314
512-512-512,0.0005,0.0,80,1.2099392414093018,1.3039597818454032,0.07051540532707606
512-512-512,0.0005,0.0,80,1.936566948890686,1.643723567847147,0.07321084526088478
512-512-512,0.0005,0.0,80,2.016632080078125,2.2358193312922374,0.16439043841058432
512-512-512,0.0005,0.0,80,1.9658987522125244,2.1445598215252737,0.13399580198456196
512-512-512,0.0005,0.0,80,1.1488527059555054,0.9096894087322918,0.0597908243058034
512-512-512,0.0005,0.0,80,1.7196708917617798,1.5423272623917308,0.04433590734251225
512-512-512,0.0005,0.0,80,0.8646877408027649,0.8334433772992176,0.007811090875886828
512-512-512,0.0005,0.0,80,1.146323323249817,1.1153880778303182,0.0077338113548746645
512-512-512,0.0005,0.0,80,2.373084783554077,2.6266513911978713,0.1901749557328456
512-512-512,0.0005,0.0,80,1.5358411073684692,1.2788816061497674,0.06423987530467545
512-512-512,0.0005,0.0,80,1.0885272026062012,0.7219574797935538,0.09164243070316183
512-512-512,0.0005,0.0,80,1.8040062189102173,1.6011586974039829,0.050711880376558605
512-512-512,0.0005,0.0,80,1.9579272270202637,2.0579950110596146,0.07505083802951318
512-512-512,0.0005,0.0,80,1.1890851259231567,0.6862339524630509,0.12571279336502647
512-512-512,0.0005,0.0,80,1.5496846437454224,1.4188747768534231,0.03270246672299981
512-512-512,0.0005,0.0,80,0.8515899181365967,0.6372645346419151,0.05358134587367039
512-512-512,0.0005,0.0,80,1.1676300764083862,0.961660289207486,0.05149244680022505
512-512-512,0.0005,0.0,80,1.7649565935134888,1.4342208466761326,0.08268393670933905
512-512-512,0.0005,0.0,80,1.7752634286880493,1.9976759753273656,0.16680940997948723
512-512-512,0.0005,0.0,80,1.4530831575393677,1.9455786290577564,0.3693716036387915
512-512-512,0.0005,0.0,80,1.699623703956604,1.4182465910083455,0.07034427823706463
512-512-512,0.0005,0.0,80,1.7079187631607056,1.695403210943608,0.0031288880542744146
512-512-512,0.0005,0.0,80,0.9982948899269104,1.043377918632126,0.03381227152891164
512-512-512,0.0005,0.0,80,1.5103121995925903,1.3049826911601623,0.05133237710810701
512-512-512,0.0005,0.0,80,1.5025206804275513,1.5791267832414442,0.05745457711041968
512-512-512,0.0005,0.0,80,1.8172286748886108,1.643704578785498,0.0433810240257782
512-512-512,0.0005,0.0,80,1.5513032674789429,1.561628165596367,0.007743673588068156
512-512-512,0.0005,0.0,80,1.0377660989761353,0.6690880288664185,0.09216951752742919
512-512-512,0.0005,0.0,80,1.419000267982483,1.0652828653117083,0.08842935066769364
512-512-512,0.0005,0.0,80,1.3077622652053833,1.7675373297454793,0.344831298405072
512-512-512,0.0005,0.0,80,0.9324630498886108,0.4393119620433003,0.12328777196132763
512-512-512,0.0005,0.0,80,1.5170375108718872,1.0862809977095849,0.10768912829057559
512-512-512,0.0005,0.0,80,2.2571301460266113,2.3483494656066872,0.06841448968505692
512-512-512,0.0005,0.0,80,1.2399324178695679,0.7937701920815968,0.11154055644699276
512-512-512,0.0005,0.0,80,1.2870545387268066,1.0841114388001607,0.050735774981661486
512-512-512,0.0005,0.0,80,1.800484299659729,1.2473989935415537,0.13827132652954383
512-512-512,0.0005,0.0,80,0.9944322109222412,0.508667432237527,0.12144119467117856
512-512-512,0.0005,0.0,80,1.3085545301437378,1.084684067498227,0.0559676156613777
512-512-512,0.0005,0.0,80,2.633147954940796,2.2533179634729823,0.0949574978669534
512-512-512,0.0005,0.0,80,1.6100317239761353,1.4226880049114952,0.04683592976616002
512-512-512,0.0005,0.0,80,1.3773645162582397,0.682620137213901,0.17368609476108468
512-512-512,0.0005,0.0,80,1.027375340461731,1.0596167939741428,0.024181090134308858
512-512-512,0.0005,0.0,80,1.6735981702804565,1.5801686206236558,0.02335738741420018
512-512-512,0.0005,0.0,80,2.123230218887329,2.2182014855841903,0.07122845002264588
512-512-512,0.0005,0.0,80,1.0983562469482422,1.0867051389694928,0.0029127769946873383
512-512-512,0.0005,0.0,80,1.4331973791122437,0.8919187007670282,0.13531966958630387
512-512-512,0.0005,0.0,80,1.0740097761154175,0.8602437979977611,0.0534414945294141
512-512-512,0.0005,0.0,80,0.849291980266571,0.2643347598091481,0.14623930511435573
512-512-512,0.0005,0.0,80,1.4082947969436646,1.8151073773930373,0.30510943533702956
512-512-512,0.0005,0.0,80,2.4044182300567627,2.3205481359927194,0.020967523516010833
512-512-512,0.0005,0.0,80,2.4860267639160156,2.0795973698707275,0.10160734851132203
512-512-512,0.0005,0.0,80,1.3796838521957397,1.2601023852355788,0.02989536674004023
512-512-512,0.0005,0.0,80,2.1425750255584717,2.3680520384646564,0.16910775967963854
512-512-512,0.0005,0.0,80,2.3372602462768555,2.1497387429051025,0.04688037584293825
512-512-512,0.0005,0.0,80,2.0100252628326416,1.8442073658347888,0.04145447424946319
512-512-512,0.0005,0.0,80,1.6686302423477173,1.43805872309517,0.057642879813136816
512-512-512,0.0005,0.0,80,1.7899636030197144,1.4072785811844088,0.09567125545882638
512-512-512,0.0005,0.0,80,2.1569769382476807,2.0563126941828473,0.02516606101620833
512-512-512,0.0005,0.0,80,1.2331310510635376,0.9734444951186664,0.0649216389862178
512-512-512,0.0005,0.0,80,1.128373622894287,1.0443480913168468,0.021006382894360076
512-512-512,0.0005,0.0,80,0.8525053858757019,0.9127802127382988,0.045206120146947665
512-512-512,0.0005,0.0,80,2.025808095932007,1.9223239341682916,0.025871040440928805
512-512-512,0.0005,0.0,80,1.3365784883499146,1.0675467023077767,0.06725794651053446
512-512-512,0.0005,0.0,80,2.063965082168579,1.8957734594246407,0.0420479056859846
512-512-512,0.0005,0.0,80,1.892115831375122,1.9587220232345,0.04995464389453341
512-512-512,0.0005,0.0,80,1.1822773218154907,1.1161562529491211,0.016530267216592398
512-512-512,0.0005,0.0,80,0.7967939972877502,0.6074081360819875,0.04734646530144068
512-512-512,0.0005,0.0,80,1.1204155683517456,0.6628990962737334,0.11437911801950304
512-512-512,0.0005,0.0,80,2.3324084281921387,1.613741905201491,0.17966663074766193
512-512-512,0.0005,0.0,80,2.3652782440185547,2.0712239755710087,0.0735135671118865
512-512-512,0.0005,0.0,80,2.011488676071167,2.0847187341663487,0.05492254357138626
512-512-512,0.0005,0.0,80,2.1327686309814453,1.7874701737747631,0.08632461430167054
512-512-512,0.0005,0.0,80,1.2981940507888794,1.1398699316557257,0.039581029783288424
512-512-512,0.0005,0.0,80,0.8822951316833496,0.7527167079392999,0.03239460593601243
512-512-512,0.0005,0.0,80,1.8358653783798218,1.6161858010741297,0.054919894326423024
512-512-512,0.0005,0.0,80,1.8951934576034546,1.7610404615998585,0.03353824900089902
512-512-512,0.0005,0.0,80,1.444928765296936,1.1430705878692575,0.07546454435691963
512-512-512,0.0005,0.0,80,1.771384358406067,1.573232294252343,0.049538016038431
512-512-512,0.0005,0.0,80,2.4542930126190186,2.3099545097344705,0.03608462572113702
512-512-512,0.0005,0.0,80,1.0483943223953247,0.7799616732724272,0.06710816228072439
512-512-512,0.0005,0.0,80,1.0925859212875366,1.0017185849750014,0.022716834078133796
512-512-512,0.0005,0.0,80,2.107957601547241,1.4478446341257527,0.16502824185537213
512-512-512,0.0005,0.0,80,1.2333718538284302,1.172655166868348,0.015179171740020536
512-512-512,0.0005,0.0,80,1.1547870635986328,0.4710927929247933,0.1709235676684599
512-512-512,0.0005,0.0,80,1.9393061399459839,1.87195777134808,0.016837092149475985
512-512-512,0.0005,0.0,80,1.4768949747085571,0.8336537535487201,0.16081030528995927
512-512-512,0.0005,0.0,80,1.6453617811203003,1.6367899618517945,0.0021429548171264523
512-512-512,0.0005,0.0,80,0.9364922046661377,0.4241463740971383,0.12808645764224985
512-512-512,0.0005,0.0,80,1.24461030960083,1.0962280417353922,0.03709556696635946
512-512-512,0.0005,0.0,80,1.0096741914749146,1.3682110135546464,0.26890261655979886
512-512-512,0.0005,0.0,80,1.3468189239501953,1.253560781478806,0.023314535617847354
512-512-512,0.0005,0.0,80,2.1116931438446045,1.6250615086171398,0.12165790880686617
512-512-512,0.0005,0.0,80,1.9256962537765503,1.598687750680745,0.0817521257739513
512-512-512,0.0005,0.0,80,1.2584539651870728,1.1865881076770552,0.017966464377504376
512-512-512,0.0005,0.0,80,1.8277798891067505,1.6746766531813866,0.038275808981340975
512-512-512,0.0005,0.0,80,0.8993139863014221,1.1257602599098768,0.16983470520634103
512-512-512,0.0005,0.0,80,1.2742077112197876,0.8431520433787727,0.10776391696025373
512-512-512,0.0005,0.0,80,0.8507000803947449,0.894403264777809,0.032777388287298065
512-512-512,0.0005,0.0,80,2.8037607669830322,2.616548590342299,0.04680304416018333
512-512-512,0.0005,0.0,80,1.7402492761611938,1.65439516255159,0.021463528402400955
512-512-512,0.0005,0.0,80,1.1817816495895386,1.2979454710164262,0.08712286607016573
512-512-512,0.0005,0.0,80,1.0109461545944214,1.099811992164962,0.0666493781779055
512-512-512,0.0005,0.0,80,1.8952492475509644,2.160697330218579,0.199086062000711
512-512-512,0.0005,0.0,80,0.9598895311355591,0.8077004303937118,0.03804727518546183
512-512-512,0.0005,0.0,80,0.9310439229011536,0.8671065970275977,0.015984331468388957
512-512-512,0.0005,0.0,80,1.559451937675476,1.1445796106342012,0.10371808176031871
512-512-512,0.0005,0.0,80,1.3292866945266724,0.916693958043332,0.1031481841208351
512-512-512,0.0005,0.0,80,3.026258707046509,2.65794769648109,0.09207775264135465
512-512-512,0.0005,0.0,80,2.7553915977478027,2.729797142725878,0.006398613755481231
512-512-512,0.0005,0.0,80,1.3091424703598022,1.5838993980145752,0.20606769574107975
512-512-512,0.0005,0.0,80,1.2598265409469604,1.063203282660238,0.04915581457168061
512-512-512,0.0005,0.0,80,1.1316086053848267,1.2311212094246806,0.07463445302989047
512-512-512,0.0005,0.0,80,0.9927162528038025,1.4309448925396162,0.3286714798018603
512-512-512,0.0005,0.0,80,1.3355399370193481,1.1045295802811264,0.05775258918455545
512-512-512,0.0005,0.0,80,1.5888128280639648,1.5761952274198483,0.003154400161029136
512-512-512,0.0005,0.0,80,2.0879902839660645,2.2519597200053645,0.12297707702947502
512-512-512,0.0005,0.0,80,2.424760580062866,2.0854753038617617,0.08482131905027612
512-512-512,0.0005,0.0,80,1.4246100187301636,1.1414391758164228,0.07079271072843518
512-512-512,0.0005,0.0,80,1.2508176565170288,1.006342411626649,0.06111881122259494
512-512-512,0.0005,0.0,80,1.7574424743652344,1.5374948556561454,0.05498690467727224
512-512-512,0.0005,0.0,80,1.6618744134902954,1.7026742723064874,0.030599894112143977
512-512-512,0.0005,0.0,80,2.070155143737793,2.2328406412007444,0.1220141230972136
512-512-512,0.0005,0.0,80,2.087249517440796,1.6486211176861305,0.10965709993866635
512-512-512,0.0005,0.0,80,1.840125322341919,1.7686187204304649,0.01787665047786352
512-512-512,0.0005,0.0,80,1.700685739517212,1.8486950384330223,0.11100697418685779
512-512-512,0.0005,0.0,80,1.384046196937561,1.5138626216074234,0.09736231850239674
512-512-512,0.0005,0.0,80,0.8525081872940063,0.9417942888444808,0.06696457616285584
512-512-512,0.0005,0.0,80,1.3246759176254272,1.1873497695045467,0.03433153703022013
512-512-512,0.0005,0.0,80,1.2546747922897339,1.2231861444788947,0.007872161952709789
512-512-512,0.0005,0.0,80,1.1213754415512085,0.992479627609947,0.03222395348531537
512-512-512,0.0005,0.0,80,1.5810554027557373,1.8193252365928785,0.17870237537785588
512-512-512,0.0005,0.0,80,1.8836928606033325,1.6060912618235827,0.06940039969493744
512-512-512,0.0005,0.0,80,1.6957775354385376,1.676949862813871,0.0047069181561666396
512-512-512,0.0005,0.0,80,1.179439902305603,1.1079250962865927,0.01787870150475257
512-512-512,0.0005,0.0,80,1.8422271013259888,1.6755288794122043,0.04167455547844612
512-512-512,0.0005,0.0,80,1.7142201662063599,1.3408245553545326,0.09334890271295682
512-512-512,0.0005,0.0,80,1.83746337890625,2.024462415778964,0.14024927765453543
512-512-512,0.0005,0.0,80,1.2519396543502808,1.331561931880163,0.0597167081474117
512-512-512,0.0005,0.0,80,2.3655312061309814,1.6657121995930213,0.17495475163449004
512-512-512,0.0005,0.0,80,1.3737963438034058,1.1046204990879271,0.06729396117886965
512-512-512,0.0005,0.0,80,1.7715939283370972,1.2485415425848951,0.1307630964380505
512-512-512,0.0005,0.0,80,1.5870553255081177,1.1181814312199418,0.11721847357204396
512-512-512,0.0005,0.0,80,1.0241823196411133,0.7838035251144401,0.0600946986316683
512-512-512,0.0005,0.0,80,1.0737107992172241,0.9062199188628584,0.04187272008859144
512-512-512,0.0005,0.0,80,1.8675416707992554,1.3317407049353918,0.1339502414659659
512-512-512,0.0005,0.0,80,1.2006304264068604,0.7989529679009837,0.10041936462646917
512-512-512,0.0005,0.0,80,1.7013071775436401,1.2840859817256347,0.10430529895450136
512-512-512,0.0005,0.0,80,1.005177617073059,0.9657431483223772,0.009858617187670476
512-512-512,0.0005,0.0,80,1.0516395568847656,0.9823927591335384,0.017311699437806805
512-512-512,0.0005,0.0,80,0.8371967673301697,0.6680280143226004,0.04229218825189232
512-512-512,0.0005,0.0,80,1.088767409324646,1.0365342334014354,0.01305829398080266
512-512-512,0.0005,0.0,80,2.279632091522217,1.706959549627434,0.14316813547369572
512-512-512,0.0005,0.0,80,2.2200539112091064,1.7484586042338168,0.1178988267438224
512-512-512,0.0005,0.0,80,1.8379271030426025,1.5859907988750974,0.06298407604187628
512-512-512,0.0005,0.0,80,2.40315842628479,2.0344486255833174,0.09217745017536816
512-512-512,0.0005,0.0,80,1.8059052228927612,1.4990057103386285,0.07672487813853318
512-512-512,0.0005,0.0,80,1.3874174356460571,1.290676698240754,0.024185184351325772
512-512-512,0.0005,0.0,80,0.79774409532547,0.6056460308716396,0.048024516113457594
512-512-512,0.0005,0.0,80,0.909496545791626,0.7741622554501744,0.0338335725853629
512-512-512,0.0005,0.0,80,1.96884286403656,1.5048611283204072,0.11599543392903822
512-512-512,0.0005,0.0,80,1.0660514831542969,0.5487874381421006,0.12931601125304906
512-512-512,0.0005,0.0,80,1.1299852132797241,1.368036811812669,0.17853869889970858
512-512-512,0.0005,0.0,80,1.7259098291397095,1.995181996911728,0.20195412582901384
512-512-512,0.0005,0.0,80,2.20318341255188,2.4985178173646334,0.22150080360956514
512-512-512,0.0005,0.0,80,1.2495518922805786,1.0990958760983829,0.03761400404554893
512-512-512,0.0005,0.0,80,1.1026629209518433,1.0545907176271063,0.012018050831184235
512-512-512,0.0005,0.0,80,1.8225250244140625,2.0450186459527138,0.16687021615398845
512-512-512,0.0005,0.0,80,1.5108189582824707,1.6242409453128066,0.08506649027275193
512-512-512,0.0005,0.0,80,1.163299798965454,0.8757002970161316,0.07189987548733062
512-512-512,0.0005,0.0,80,1.91313898563385,1.567344476790522,0.08644862721083202
512-512-512,0.0005,0.0,80,1.3316558599472046,1.1310554430779185,0.05015010421732152
512-512-512,0.0005,0.0,80,1.5759629011154175,1.2066958911043129,0.09231675250277616
512-512-512,0.0005,0.0,80,1.793038249015808,1.3793231461232194,0.10342877572314718
512-512-512,0.0005,0.0,80,0.7945876121520996,0.3419375161127845,0.11316252400982878
512-512-512,0.0005,0.0,80,1.1294101476669312,1.872892549338488,0.5576118012536677
512-512-512,0.0005,0.0,80,1.6417144536972046,1.5940294472744476,0.011921251605689243
512-512-512,0.0005,0.0,80,2.1272060871124268,2.977482220408498,0.6377070999720533
512-512-512,0.0005,0.0,80,1.4946844577789307,0.8502865124615442,0.16109948632934662
512-512-512,0.0005,0.0,80,1.7062114477157593,2.116651344837738,0.307829922841484
512-512-512,0.0005,0.0,80,1.0728106498718262,0.8984550454807729,0.04358890109776331
512-512-512,0.0005,0.0,80,1.0316113233566284,1.333992708066858,0.22678603853267226
512-512-512,0.0005,0.0,80,1.7217464447021484,1.4110180148987297,0.07768210745085469
512-512-512,0.0005,0.0,80,2.230881690979004,1.9027529737429216,0.08203217930902057
512-512-512,0.0005,0.0,80,0.9744762778282166,0.4131258816963549,0.14033759903296542
512-512-512,0.0005,0.0,80,1.6721287965774536,1.8979162263897869,0.16934057235924993
512-512-512,0.0005,0.0,80,1.2885009050369263,1.0127191492524197,0.06894543894612665
512-512-512,0.0005,0.0,80,0.8759739398956299,0.8419914204406154,0.008495629863753629
512-512-512,0.0005,0.0,80,1.2705332040786743,0.8781985767375893,0.09808365683527126
512-512-512,0.0005,0.0,80,1.8248887062072754,1.433435586078338,0.09786328003223432
512-512-512,0.0005,0.0,80,1.5739096403121948,1.2253373895613513,0.08714306268771088
512-512-512,0.0005,0.0,80,1.6025351285934448,1.3817000329678413,0.05520877390640089
512-512-512,0.0005,0.0,80,1.615909218788147,2.1683716166508376,0.41434679839701793
512-512-512,0.0005,0.0,80,1.7881985902786255,1.4849757904186245,0.07580569996500025
512-512-512,0.0005,0.0,80,0.8933973908424377,0.5413298930783536,0.08801687444102105
512-512-512,0.0005,0.0,80,1.6956504583358765,1.6699671466893573,0.0064208279116297895
512-512-512,0.0005,0.0,80,2.0460309982299805,1.7219505808025637,0.0810201043568542
512-512-512,0.0005,0.0,80,1.6783705949783325,0.976927823361066,0.17536069290431663
512-512-512,0.0005,0.0,80,2.4963669776916504,2.6106982182663607,0.08574843043103275
512-512-512,0.0005,0.0,80,1.3472956418991089,1.5825849437067012,0.17646697635569425
512-512-512,0.0005,0.0,80,2.1581406593322754,2.066795002521158,0.022836414202779376
512-512-512,0.0005,0.0,80,2.125401258468628,1.9498803308338415,0.04388023190869661
512-512-512,0.0005,0.0,80,1.8780286312103271,1.5906774546631492,0.07183779413679448
512-512-512,0.0005,0.0,80,0.9241648316383362,0.8732154188422124,0.012737353199030937
512-512-512,0.0005,0.0,80,1.484272837638855,1.5258200317319175,0.031160395569796884
512-512-512,0.0005,0.0,80,1.065733551979065,0.8006090319597419,0.06628113000483077
512-512-512,0.0005,0.0,80,0.7422959208488464,1.0446473062257762,0.2267635390326973
512-512-512,0.0005,0.0,80,1.5622636079788208,1.8285565172410243,0.19971968194665263
512-512-512,0.0005,0.0,80,1.3494789600372314,1.0735278779006625,0.06898777053414223
512-512-512,0.0005,0.0,80,1.3053003549575806,1.3939989457524729,0.06652394309616921
512-512-512,0.0005,0.0,80,1.2995933294296265,1.0642095556694515,0.058845943440043735
512-512-512,0.0005,0.0,80,1.1705690622329712,0.6153912723009451,0.1387944474830065
512-512-512,0.0005,0.0,80,1.0816800594329834,1.4888565010474202,0.3053823312108276
512-512-512,0.0005,0.0,80,2.595550775527954,2.457428714630153,0.034530515224450276
512-512-512,0.0005,0.0,80,1.9307143688201904,1.7251365222350652,0.05139446164628131
512-512-512,0.0005,0.0,80,1.4547303915023804,1.2989488884090308,0.0389453757733374
512-512-512,0.0005,0.0,80,1.3840419054031372,1.4101431729215004,0.019575950638772377
512-512-512,0.0005,0.0,80,1.6327894926071167,1.1866066881061987,0.11154570112522949
512-512-512,0.0005,0.0,80,2.4718997478485107,2.668485839169886,0.14743956849103146
512-512-512,0.0005,0.0,80,2.0660154819488525,1.8812688859090672,0.046186649009946346
512-512-512,0.0005,0.0,80,1.3043452501296997,1.0447055561820615,0.06490992348690955
512-512-512,0.0005,0.0,80,2.1594879627227783,2.0231668898850863,0.034080268209423004
512-512-512,0.0005,0.0,80,1.2914601564407349,1.3955771153679437,0.07808771919540664
512-512-512,0.0005,0.0,80,2.223623514175415,1.7637136619652107,0.11497746305255108
512-512-512,0.0005,0.0,80,1.992871880531311,1.6953174653070444,0.07438860380606666
512-512-512,0.0005,0.0,80,2.037074089050293,1.7714457609252623,0.06640708203125767
512-512-512,0.0005,0.0,80,2.1431310176849365,2.0343606089201285,0.02719260219120201
512-512-512,0.0005,0.0,80,1.2946020364761353,1.1144590934512475,0.04503573575622194
512-512-512,0.0005,0.0,80,0.9690282344818115,0.8675830439516463,0.025361297632541302
512-512-512,0.0005,0.0,80,1.556267261505127,1.5676752161133796,0.00855596595618946
512-512-512,0.0005,0.0,80,2.2132375240325928,2.26972267785628,0.04236386536776526
512-512-512,0.0005,0.0,80,1.2935235500335693,1.3522726148243045,0.04406179859305137
512-512-512,0.0005,0.0,80,1.6218618154525757,1.485893650018038,0.03399204135863443
512-512-512,0.0005,0.0,80,1.831557035446167,1.3851010001425128,0.11161400882591355
512-512-512,0.0005,0.0,80,1.2267812490463257,0.8613761542015563,0.09135127371119234
512-512-512,0.0005,0.0,80,2.2790114879608154,2.276627383640374,0.0005960260801103345
512-512-512,0.0005,0.0,80,1.2335118055343628,1.405231494190112,0.12878976649181195
512-512-512,0.0005,0.0,80,1.6271682977676392,1.1920504775520455,0.10877945505389841
512-512-512,0.0005,0.0,80,0.903355062007904,0.46869990258792,0.10866378985499602
512-512-512,0.0005,0.0,80,1.4028555154800415,1.196940815802704,0.05147867491933439
512-512-512,0.0005,0.0,80,2.0496323108673096,1.7825882223409435,0.06676102213159152
512-512-512,0.0005,0.0,80,1.994128704071045,1.81487771756089,0.04481274662753876
512-512-512,0.0005,0.0,80,1.622178077697754,1.7332873643547229,0.08333196499272671
512-512-512,0.0005,0.0,80,2.9885971546173096,3.101823032730375,0.08491940858479896
512-512-512,0.0005,0.0,80,0.9258490204811096,0.383653290450994,0.13554893250752892
512-512-512,0.0005,0.0,80,1.9350812435150146,1.718787507018262,0.054073434124188136
512-512-512,0.0005,0.0,80,1.5694431066513062,1.2399364592425737,0.08237666185218312
512-512-512,0.0005,0.0,80,2.483837604522705,2.4536903739304505,0.007536807648063637
512-512-512,0.0005,0.0,80,1.8804230690002441,1.4725648585155595,0.10196455262117116
512-512-512,0.0005,0.0,80,1.939327597618103,1.8157313897809004,0.03089905195930065
512-512-512,0.0005,0.0,80,1.4815577268600464,1.804831854185355,0.24245559549398144
512-512-512,0.0005,0.0,80,2.5553791522979736,2.401185634194065,0.03854837952597712
512-512-512,0.0005,0.0,80,2.694061040878296,2.110718818419514,0.14583555561469552
512-512-512,0.0005,0.0,80,1.3743653297424316,1.2264623279640556,0.036975750444594
512-512-512,0.0005,0.0,80,2.9157700538635254,2.8347557299909556,0.02025358096814245
512-512-512,0.0005,0.0,80,1.2609018087387085,1.1133860830263844,0.03687893142808102
512-512-512,0.0005,0.0,80,1.5465725660324097,1.5568241277468802,0.007688671285852877
512-512-512,0.0005,0.0,80,1.103977084159851,1.1172557551184044,0.009959003218914964
512-512-512,0.0005,0.0,80,1.1883548498153687,1.110572833474769,0.01944550408514989
512-512-512,0.0005,0.0,80,1.3046941757202148,0.9437019246640288,0.09024806276404651
512-512-512,0.0005,0.0,80,1.337012529373169,1.3467086434254605,0.007272085539218653
512-512-512,0.0005,0.0,80,1.6438398361206055,1.365103258992748,0.06968414428196434
512-512-512,0.0005,0.0,80,2.452744483947754,2.7998504648337468,0.26032948566449465
512-512-512,0.0005,0.0,80,1.5600175857543945,1.2631908865289594,0.07420667480635879
512-512-512,0.0005,0.0,80,0.9342341423034668,0.8612474631778987,0.018246669781392028
512-512-512,0.0005,0.0,80,0.8211382031440735,1.1148787154243285,0.22030538421019125
512-512-512,0.0005,0.0,80,0.7113198637962341,0.7760813817141312,0.04857113843842281
512-512-512,0.0005,0.0,80,1.3363035917282104,0.9838404356126882,0.08811578902888056
512-512-512,0.0005,0.0,80,1.8570812940597534,1.8403328404931736,0.004187113391644959
512-512-512,0.0005,0.0,80,1.7338453531265259,0.9119544318180476,0.20547273032711957
512-512-512,0.0005,0.0,80,1.7595319747924805,1.7128578373637051,0.011668534357193838
512-512-512,0.0005,0.0,80,1.3260700702667236,1.108151410175426,0.05447966502282442
512-512-512,0.0005,0.0,80,1.6689496040344238,1.3846633357440683,0.07107156707258888
512-512-512,0.0005,0.0,80,1.1137593984603882,1.0534238081860243,0.015083897568590965
512-512-512,0.0005,0.0,80,1.963794469833374,1.915617635894713,0.012044208484665253
512-512-512,0.0005,0.0,80,2.6005122661590576,2.4636246954434307,0.03422189267890674
512-512-512,0.0005,0.0,80,2.032951831817627,1.6032762719262998,0.10741888997283178
512-512-512,0.0005,0.0,80,1.2913738489151,1.383254743381538,0.06891067084982849
512-512-512,0.0005,0.0,80,2.2136240005493164,2.18639180515192,0.0068080488493490465
512-512-512,0.0005,0.0,80,1.0081661939620972,0.8141716305263704,0.048498640858931685
512-512-512,0.0005,0.0,80,1.0290447473526,0.8675334283349942,0.04037782975440146
512-512-512,0.0005,0.0,80,2.8144118785858154,2.810645303222429,0.0009416438408466066
512-512-512,0.0005,0.0,80,1.78121018409729,1.1160495707882283,0.16629015332726543
512-512-512,0.0005,0.0,80,1.4272152185440063,1.3301740159859663,0.024260300639510013
512-512-512,0.0005,0.0,80,1.4139937162399292,1.19878689270965,0.05380170588256977
512-512-512,0.0005,0.0,80,1.2950955629348755,0.9485263954371728,0.08664229187442568
512-512-512,0.0005,0.0,80,2.380750894546509,2.48587843725945,0.07884565703470592
512-512-512,0.0005,0.0,80,1.408933401107788,1.6148892155916643,0.15446686086290717
512-512-512,0.0005,0.0,80,3.0202643871307373,3.131789875362912,0.08364411617413092
512-512-512,0.0005,0.0,80,1.3987632989883423,1.2430089539327809,0.03893858626389035
512-512-512,0.0005,0.0,80,1.9113200902938843,1.6755269205582768,0.05894829243390187
512-512-512,0.0005,0.0,80,1.625313639640808,1.685919288950913,0.04545423698257861
512-512-512,0.0005,0.0,80,1.1076204776763916,1.1334029450441208,0.019336850525796867
512-512-512,0.0005,0.0,80,0.7531403303146362,0.4687672844456846,0.0710932614672379
512-512-512,0.0005,0.0,80,1.1249953508377075,1.0273710242370826,0.02440608165015623
512-512-512,0.0005,0.0,80,2.655618190765381,2.8040631535831313,0.11133372211331283
512-512-512,0.0005,0.0,80,2.220258951187134,1.951045380507344,0.06730339266994745
512-512-512,0.0005,0.0,80,1.2638393640518188,1.3550171746290272,0.06838335793290623
512-512-512,0.0005,0.0,80,0.8248671889305115,0.6728496377984838,0.03800438778300691
512-512-512,0.0005,0.0,80,1.4176779985427856,1.3460876229839134,0.017897593889718066
512-512-512,0.0005,0.0,80,1.5705634355545044,1.612575113262667,0.031508758281121874
512-512-512,0.0005,0.0,80,0.9619069695472717,0.67337791465378,0.07213226372337292
512-512-512,0.0005,0.0,80,2.8271968364715576,2.9100619710107396,0.06214885090438649
512-512-512,0.0005,0.0,80,1.305111050605774,1.6768449801910466,0.27880044718895447
512-512-512,0.0005,0.0,80,1.5115755796432495,1.1403130250165407,0.09281563865667719
512-512-512,0.0005,0.0,80,1.3675005435943604,1.2867532947219522,0.020186812218102035
512-512-512,0.0005,0.0,80,1.160812258720398,0.9986737169216784,0.04053463544967989
512-512-512,0.0005,0.0,80,1.6497811079025269,1.6565687687324573,0.005090745622447823
512-512-512,0.0005,0.0,80,0.9219626784324646,0.6969642554174301,0.05624960575375862
512-512-512,0.0005,0.0,80,0.9850538372993469,0.9973441660720842,0.00921774657955296
512-512-512,0.0005,0.0,80,1.491829752922058,1.359288698024502,0.03313526372438902
512-512-512,0.0005,0.0,80,0.9513759016990662,0.8359163430698799,0.028864889657296555
512-512-512,0.0005,0.0,80,1.4987202882766724,1.1644036472866497,0.08357916024750567
512-512-512,0.0005,0.0,80,2.0722858905792236,2.171830552621816,0.07465849653194412
512-512-512,0.0005,0.0,80,1.3276795148849487,0.8123166205492309,0.12884072358392945
512-512-512,0.0005,0.0,80,1.5186644792556763,1.5311856316987382,0.009390864332296467
512-512-512,0.0005,0.0,80,1.2750829458236694,1.1396992719541996,0.03384591846736745
512-512-512,0.0005,0.0,80,2.5389974117279053,2.3094052975374453,0.057398028547615
512-512-512,0.0005,0.0,80,0.9184221625328064,1.738552852999518,0.6150980178500337
512-512-512,0.0005,0.0,80,1.5040781497955322,1.0504219382608708,0.11341405288366535
512-512-512,0.0005,0.0,80,1.0219407081604004,1.414578457133009,0.2944783117294564
512-512-512,0.0005,0.0,80,2.7391226291656494,2.316353857469383,0.10569219292406662
512-512-512,0.0005,0.0,80,1.1213500499725342,0.906048129883554,0.05382548002224505
512-512-512,0.0005,0.0,80,2.0026631355285645,1.7932731576324985,0.05234749447401649
512-512-512,0.0005,0.0,80,2.223017930984497,1.938661217712472,0.07108917831800626
512-512-512,0.0005,0.0,80,0.7401257753372192,0.8215771172627546,0.061088506444151536
512-512-512,0.0005,0.0,80,1.8805960416793823,1.384942655876746,0.1239133464506591
512-512-512,0.0005,0.0,80,1.670971155166626,1.971442390685827,0.22535342663940072
512-512-512,0.0005,0.0,80,2.185129404067993,2.185558014343421,0.00032145770657088235
512-512-512,0.0005,0.0,80,1.3236135244369507,0.6646517824709766,0.16474043549149353
512-512-512,0.0005,0.0,80,1.2431507110595703,0.9385377560559576,0.07615323875090318
512-512-512,0.0005,0.0,80,1.2321248054504395,0.9469161432302452,0.07130216555504856
512-512-512,0.0005,0.0,80,1.0248597860336304,1.0463617790779365,0.016126494783229584
512-512-512,0.0005,0.0,80,2.0679373741149902,2.030511732740412,0.009356410343644539
512-512-512,0.0005,0.0,80,1.2007856369018555,1.3036955355272457,0.07718242396904268
512-512-512,0.0005,0.0,80,0.7712516188621521,0.9965130852951876,0.1689460998247766
512-512-512,0.0005,0.0,80,1.538638949394226,1.4240886559755097,0.02863757335467909
512-512-512,0.0005,0.0,80,0.9018751978874207,0.9807467242861516,0.05915364479904822
512-512-512,0.0005,0.0,80,1.1858679056167603,0.7204082546472331,0.11636491274238178
512-512-512,0.0005,0.0,80,2.0297539234161377,2.1192053206767687,0.06708854794547325
512-512-512,0.0005,0.0,80,1.226370930671692,1.2178643574008992,0.0021266433176981847
512-512-512,0.0005,0.0,80,0.9829694032669067,1.2022337941528298,0.16444829316444232
512-512-512,0.0005,0.0,80,2.2739346027374268,2.06855105726798,0.051345886367361704
512-512-512,0.0005,0.0,80,1.2369440793991089,1.377504280257278,0.10542015064362675
512-512-512,0.0005,0.0,80,1.7920271158218384,1.4761181452009522,0.07897724265522155
512-512-512,0.0005,0.0,80,2.0129525661468506,1.9170623396234912,0.02397255663083986
512-512-512,0.0005,0.0,80,1.362768292427063,1.215184966524003,0.03689583147576497
512-512-512,0.0005,0.0,80,2.0951383113861084,2.2664107756594296,0.1284543482049909
512-512-512,0.0005,0.0,80,2.5974018573760986,2.4744236033009877,0.030744563518777746
512-512-512,0.0005,0.0,80,1.8721996545791626,1.6006347726608696,0.06789122047957324
512-512-512,0.0005,0.0,80,1.2350362539291382,1.354045412420732,0.08925686886869533
512-512-512,0.0005,0.0,80,1.845201015472412,1.738187893251434,0.026753280555244507
512-512-512,0.0005,0.0,80,1.6573716402053833,1.3929232532750713,0.06611209673257801
512-512-512,0.0005,0.0,80,1.1855872869491577,0.5862794903373425,0.1498269491529538
512-512-512,0.0005,0.0,80,2.5520784854888916,2.0123453176210004,0.1349332919669728
512-512-512,0.0005,0.0,80,2.6895596981048584,2.597648403344632,0.02297782369005663
512-512-512,0.0005,0.0,80,0.9592821598052979,0.6909038114327842,0.0670945870931284
512-512-512,0.0005,0.0,80,1.4732763767242432,1.636444456853518,0.12237606009695606
512-512-512,0.0005,0.0,80,1.5856825113296509,1.3174952791493004,0.06704680804508761
512-512-512,0.0005,0.0,80,1.2512785196304321,0.9421165397038732,0.07729049498163973
512-512-512,0.0005,0.0,80,2.7351582050323486,2.6083106222538723,0.031711895694619074
512-512-512,0.0005,0.0,80,0.9737714529037476,0.6675885809979103,0.07654571797645932
512-512-512,0.0005,0.0,80,1.464727759361267,1.1556030083790445,0.07728118774555565
512-512-512,0.0005,0.0,80,2.0987913608551025,1.775637831898921,0.08078838223904539
512-512-512,0.0005,0.0,80,2.084351062774658,1.9038565812041497,0.04512362039262713
512-512-512,0.0005,0.0,80,1.857683777809143,1.8655438204749009,0.005895031999318345
512-512-512,0.0005,0.0,80,0.8332628011703491,0.2844475486735617,0.13720381312419686
512-512-512,0.0005,0.0,80,2.18734073638916,1.4719361699560496,0.17885114160827764
512-512-512,0.0005,0.0,80,1.1090266704559326,0.9863417145860012,0.03067123896748286
512-512-512,0.0005,0.0,80,1.2867050170898438,1.3419731008991878,0.041451062857008
512-512-512,0.0005,0.0,80,0.9894542098045349,0.8125511042902536,0.044225776378570336
512-512-512,0.0005,0.0,80,1.8358560800552368,1.8744186958034128,0.02892196181113199
512-512-512,0.0005,0.0,80,1.128743052482605,1.2270287466280756,0.07371427060910296
512-512-512,0.0005,0.0,80,1.5928393602371216,1.5316724040744214,0.015291739040675045
512-512-512,0.0005,0.0,80,1.0719013214111328,0.9789352492477208,0.023241518040853004
512-512-512,0.0005,0.0,80,3.0661675930023193,3.333077656592472,0.20018254769261434
512-512-512,0.0005,0.0,80,1.8756545782089233,1.8289956507870149,0.011664731855477117
512-512-512,0.0005,0.0,80,2.3390772342681885,2.185481202445477,0.038399007955677855
512-512-512,0.0005,0.0,80,3.5116586685180664,3.5594415014187373,0.03583712467550315
512-512-512,0.0005,0.0,80,1.0301768779754639,0.8560350001024843,0.04353546946824488
512-512-512,0.0005,0.0,80,2.8288938999176025,2.731769724450281,0.024281043866830387
512-512-512,0.0005,0.0,80,1.111225962638855,1.3759171677669917,0.19851840384610253
512-512-512,0.0005,0.0,80,1.640329122543335,1.3770602745068483,0.06581721200912166
512-512-512,0.0005,0.0,80,1.2945634126663208,0.6670049165794535,0.15688962402171683
512-512-512,0.0005,0.0,80,1.0664902925491333,0.5127208523082588,0.13844236006021862
512-512-512,0.0005,0.0,80,1.4891706705093384,1.1654696032283818,0.08092526682023915
512-512-512,0.0005,0.0,80,2.247925043106079,1.9381218860650469,0.07745078926025806
512-512-512,0.0005,0.0,80,1.6658273935317993,1.3605724486515405,0.07631373622006471
512-512-512,0.0005,0.0,80,0.9569258093833923,0.9804005230404272,0.01760603524277618
512-512-512,0.0005,0.0,80,2.8181004524230957,3.073906862831875,0.19185480780658437
512-512-512,0.0005,0.0,80,1.811260461807251,1.7764991022288483,0.008690339894600663
512-512-512,0.0005,0.0,80,1.6069159507751465,1.7611363404759894,0.11566529227563221
512-512-512,0.0005,0.0,80,1.7904096841812134,1.51219644134178,0.06955331070985832
512-512-512,0.0005,0.0,80,1.682677149772644,1.585918066647083,0.024189770781390285
512-512-512,0.0005,0.0,80,1.2528988122940063,1.5226491525093264,0.20231275516149005
512-512-512,0.0005,0.0,80,1.9229203462600708,2.112764425096284,0.14238305912715976
512-512-512,0.0005,0.0,80,1.2761670351028442,0.9266102632485144,0.08738919296358247
512-512-512,0.0005,0.0,80,2.1154754161834717,2.069745084483556,0.011432582924978951
512-512-512,0.0005,0.0,80,1.2126230001449585,1.244605527765977,0.023986895715763956
512-512-512,0.0005,0.0,80,1.9881454706192017,1.36895766387628,0.15479695168573043
512-512-512,0.0005,0.0,80,1.1379607915878296,1.0368776739336834,0.02527077941353656
512-512-512,0.0005,0.0,80,1.1402677297592163,0.7696939109807848,0.09264345469460789
512-512-512,0.0005,0.0,80,1.4441064596176147,1.2545318908670822,0.047393642187633145
512-512-512,0.0005,0.0,80,1.3647475242614746,0.977663138175772,0.09677109652142565
512-512-512,0.0005,0.0,80,0.7764384150505066,0.4017405817195625,0.09367445833273602
512-512-512,0.0005,0.0,80,1.9716514348983765,1.446334864472084,0.13132914260657313
512-512-512,0.0005,0.0,80,1.007675051689148,0.9700563700559336,0.00940467040830359
512-512-512,0.0005,0.0,80,2.100263833999634,1.7511768770740963,0.08727173923138437
512-512-512,0.0005,0.0,80,2.4429659843444824,2.155222588203438,0.07193584903526107
512-512-512,0.0005,0.0,80,1.1024537086486816,0.646614147783217,0.11395989021636616
512-512-512,0.0005,0.0,80,1.5613759756088257,1.1999486199631917,0.0903568389114085
512-512-512,0.0005,0.0,80,1.4218717813491821,0.8437622140955758,0.14452739181340157
512-512-512,0.0005,0.0,80,2.1483755111694336,2.167318970879035,0.014207594782200905
512-512-512,0.0005,0.0,80,2.122154474258423,2.132364074110344,0.007657199888940869
512-512-512,0.0005,0.0,80,1.9020789861679077,1.7097623041801908,0.048079170496929224
512-512-512,0.0005,0.0,80,1.9428147077560425,2.208596388814623,0.19933626079393552
512-512-512,0.0005,0.0,80,1.9038153886795044,1.9693178667447624,0.0491268585489435
512-512-512,0.0005,0.0,80,1.5664068460464478,1.7595517365201394,0.14485866785526874
512-512-512,0.0005,0.0,80,1.5836458206176758,1.6607148812945105,0.05780179550762604
512-512-512,0.0005,0.0,80,1.9533571004867554,1.2373606590313178,0.1789991103638594
512-512-512,0.0005,0.0,80,1.1651636362075806,1.264386912352066,0.074417457108364
512-512-512,0.0005,0.0,80,2.0244877338409424,1.8172915695083345,0.051799041083151975
512-512-512,0.0005,0.0,80,1.9269373416900635,2.064031329612787,0.10282049094204249
512-512-512,0.0005,0.0,80,2.0404460430145264,2.287737967890054,0.18546894365664557
512-512-512,0.0005,0.0,80,1.791520595550537,1.7216480378837016,0.017468139416708883
512-512-512,0.0005,0.0,80,1.0711594820022583,1.368616974700489,0.22309311952367306
512-512-512,0.0005,0.0,80,1.0556660890579224,0.6323509156540694,0.10582879335096324
512-512-512,0.0005,0.0,80,2.6994693279266357,2.736798091006311,0.027996572309756607
512-512-512,0.0005,0.0,80,2.344310998916626,2.0311063237426774,0.07830116879348714
512-512-512,0.0005,0.0,80,2.2173049449920654,1.7810075377951555,0.10907435179922748
512-512-512,0.0005,0.0,80,1.4643481969833374,1.8472404791138768,0.28716921159790454
512-512-512,0.0005,0.0,80,1.1199188232421875,0.3511537902015411,0.1921912582601616
512-512-512,0.0005,0.0,80,1.0941284894943237,0.927666676196619,0.04161545332442618
512-512-512,0.0005,0.0,80,2.630884885787964,2.573356516785279,0.014382092250671219
512-512-512,0.0005,0.0,80,2.0457770824432373,2.1418854844387387,0.07208130149662606
512-512-512,0.0005,0.0,80,2.5168323516845703,2.602102910211533,0.06395291889522214
512-512-512,0.0005,0.0,80,1.8340882062911987,1.651677572487401,0.04560265845094941
512-512-512,0.0005,0.0,80,0.9434365630149841,0.6228319331603627,0.08015115746365536
512-512-512,0.0005,0.0,80,1.7830828428268433,1.1643578129156196,0.15468125747780592
512-512-512,0.0005,0.0,80,1.012037754058838,1.0619860733171702,0.03746123944374924
512-512-512,0.0005,0.0,80,2.4709930419921875,2.0311441471858194,0.10996222370159203
512-512-512,0.0005,0.0,80,1.9620665311813354,1.911431727026711,0.012658701038656128
512-512-512,0.0005,0.0,80,1.0512971878051758,0.9147926619096852,0.03412613147387264
512-512-512,0.0005,0.0,80,1.2698878049850464,1.0745699456038216,0.0488294648453062
512-512-512,0.0005,0.0,80,2.321275472640991,1.955349751538198,0.09148143027569833
512-512-512,0.0005,0.0,80,0.9713370203971863,0.6333606256858724,0.08449409867782848
512-512-512,0.0005,0.0,80,1.9278908967971802,1.707641932934626,0.055062240965638554
512-512-512,0.0005,0.0,80,1.286309003829956,1.0118201067513146,0.06862222426966036
512-512-512,0.0005,0.0,80,1.1611356735229492,1.4967491771876509,0.25171012774852625
512-512-512,0.0005,0.0,80,1.6319342851638794,1.362432820770664,0.06737536609830386
512-512-512,0.0005,0.0,80,1.8315492868423462,1.493785846295646,0.08444086013667507
512-512-512,0.0005,0.0,80,2.1248648166656494,2.1895670001152596,0.048526637587207655
512-512-512,0.0005,0.0,80,1.8956433534622192,1.4576291665279606,0.10950354673356466
512-512-512,0.0005,0.0,80,2.236276865005493,2.4208884551589973,0.1384586926151281
512-512-512,0.0005,0.0,80,0.7890725135803223,0.6726220056263634,0.02911262698848971
512-512-512,0.0005,0.0,80,1.2895559072494507,0.6488846120910874,0.16016782378959082
512-512-512,0.0005,0.0,80,1.7567535638809204,1.4263115499050163,0.08261050349397603
512-512-512,0.0005,0.0,80,1.7078443765640259,1.5256276812255192,0.04555417383462668
512-512-512,0.0005,0.0,80,1.402927041053772,1.1069269078482071,0.07400003330139121
512-512-512,0.0005,0.0,80,0.943286120891571,0.9095501964466344,0.008433981111234168
512-512-512,0.0005,0.0,80,0.8362798690795898,0.7214270363323696,0.02871320818680506
512-512-512,0.0005,0.0,80,2.161634922027588,2.18727777961101,0.019232143187566497
512-512-512,0.0005,0.0,80,1.107303500175476,1.1928902818255396,0.06419008623754763
512-512-512,0.0005,0.0,80,2.1670689582824707,2.4101519539047715,0.18231224671672563
512-512-512,0.0005,0.0,80,0.8812353610992432,0.984431253618927,0.0773969193897629
512-512-512,0.0005,0.0,80,1.8640177249908447,1.7027355893337834,0.04032053391426532
512-512-512,0.0005,0.0,80,1.6330205202102661,1.4251550747263495,0.05196636137097915
512-512-512,0.0005,0.0,80,1.3302887678146362,1.484854569330721,0.11592435113706351
512-512-512,0.0005,0.0,80,2.289478063583374,1.836008300395074,0.113367440797075
512-512-512,0.0005,0.0,80,1.2223619222640991,1.3024101852123804,0.06003619721121095
512-512-512,0.0005,0.0,80,1.6175289154052734,1.4403370533210935,0.04429796552104498
512-512-512,0.0005,0.0,80,1.2578576803207397,1.6501182541826516,0.29419543039643387
512-512-512,0.0005,0.0,80,0.99881511926651,0.9923218476952907,0.0016233178928048153
512-512-512,0.0005,0.0,80,2.00893497467041,1.7262034007419842,0.07068289348210649
512-512-512,0.0005,0.0,80,1.3926364183425903,1.850146642180172,0.34313266787818625
512-512-512,0.0005,0.0,80,2.14092755317688,1.7263278301618694,0.10364993075375262
512-512-512,0.0005,0.0,80,1.0861417055130005,0.983653293006178,0.025622103126705625
512-512-512,0.0005,0.0,80,2.6448752880096436,2.398791781502158,0.061520876626871335
512-512-512,0.0005,0.0,80,1.510232925415039,1.052752732679875,0.11437004818379104
512-512-512,0.0005,0.0,80,1.0081707239151,0.893011229679503,0.02878987355889928
512-512-512,0.0005,0.0,80,2.2271649837493896,2.426084066465906,0.14918931203738728
512-512-512,0.0005,0.0,80,2.2661168575286865,2.199534703659996,0.01664553846717265
512-512-512,0.0005,0.0,80,1.2142668962478638,1.221704406539172,0.005578132718481177
512-512-512,0.0005,0.0,80,0.8736267685890198,0.845138898239035,0.007121967587496197
512-512-512,0.0005,0.0,80,1.7962044477462769,1.4757786392573171,0.08010645212223994
512-512-512,0.0005,0.0,80,1.5614618062973022,1.7933779646274126,0.17393711874758278
512-512-512,0.0005,0.0,80,1.5362776517868042,1.1960613785788572,0.08505406830198675
512-512-512,0.0005,0.0,80,1.7478634119033813,1.8998708335705623,0.11400556625038571
512-512-512,0.0005,0.0,80,1.0227171182632446,0.6282015517169702,0.0986288916365686
512-512-512,0.0005,0.0,80,0.8215017914772034,0.3174480687252312,0.12601343068799303
512-512-512,0.0005,0.0,80,2.336120367050171,2.2545512020017107,0.02039229126211506
512-512-512,0.0005,0.0,80,2.019071102142334,1.3414537043612325,0.16940434944527538
512-512-512,0.0005,0.0,80,2.343893051147461,2.224475830279345,0.02985430521702903
512-512-512,0.0005,0.0,80,2.375126600265503,2.504171353590106,0.09678356499345231
512-512-512,0.0005,0.0,80,1.2375116348266602,1.2070180941069244,0.007623385179933939
512-512-512,0.0005,0.0,80,1.5649312734603882,1.4784756312455103,0.021613910553719473
512-512-512,0.0005,0.0,80,1.2317075729370117,1.5056522124234213,0.20545847961480718
512-512-512,0.0005,0.0,80,1.3357199430465698,1.278583344605301,0.01428414961031721
512-512-512,0.0005,0.0,80,1.7276822328567505,1.85412300793213,0.09483058130653466
512-512-512,0.0005,0.0,80,1.3457695245742798,1.1850135721546882,0.040188988104897905
512-512-512,0.0005,0.0,80,0.9417214393615723,0.7974530113495387,0.036067107003008386
512-512-512,0.0005,0.0,80,1.6700177192687988,1.4212770420252951,0.06218516931087592
512-512-512,0.0005,0.0,80,1.1072735786437988,0.937678116754669,0.04239886547228244
512-512-512,0.0005,0.0,80,2.151435375213623,1.4132121284559602,0.1845558116894157
512-512-512,0.0005,0.0,80,1.8228833675384521,2.0899825129158662,0.20032435903306056
512-512-512,0.0005,0.0,80,2.213857889175415,1.7237539715238834,0.1225259794128829
512-512-512,0.0005,0.0,80,1.2467617988586426,1.344816626042857,0.07354112038816074
512-512-512,0.0005,0.0,80,1.2998006343841553,0.3708152630708574,0.23224634282832446
512-512-512,0.0005,0.0,80,1.776416540145874,1.331438850155223,0.11124442249766275
512-512-512,0.0005,0.0,80,0.8698559403419495,1.1449073038505049,0.20628852263141656
512-512-512,0.0005,0.0,80,0.9603779911994934,0.7566802936297012,0.05092442439244804
512-512-512,0.0005,0.0,80,2.4138271808624268,1.9190205365281812,0.1237016610835614
512-512-512,0.0005,0.0,80,3.006303548812866,3.2597000614363307,0.1900473844675984
512-512-512,0.0005,0.0,80,0.9529042840003967,0.8422900262775839,0.027653564430703215
512-512-512,0.0005,0.0,80,1.7599025964736938,2.018725365029701,0.19411707641700537
512-512-512,0.0005,0.0,80,0.986599862575531,1.226040176637376,0.1795802355463838
512-512-512,0.0005,0.0,80,0.9431560635566711,0.3633315943015509,0.14495611731378005
512-512-512,0.0005,0.0,80,1.7852119207382202,2.0101638759173666,0.16871396638435976
512-512-512,0.0005,0.0,80,0.9236287474632263,0.5515252388857543,0.093025877144368
512-512-512,0.0005,0.0,80,1.8657692670822144,1.3174378116325864,0.13708286386240698
512-512-512,0.0005,0.0,80,1.2448805570602417,0.8184678197449528,0.10660318432882224
512-512-512,0.0005,0.0,80,1.3498088121414185,0.6784798158502463,0.16783224907279304
512-512-512,0.0005,0.0,80,1.2885233163833618,1.2410194008075144,0.011875978893961858
512-512-512,0.0005,0.0,80,1.3590666055679321,1.2711625744835169,0.02197600777110381
512-512-512,0.0005,0.0,80,1.4855045080184937,1.1321635048778225,0.0883352507851678
512-512-512,0.0005,0.0,80,1.2314882278442383,1.2831806107725865,0.03876928719626116
512-512-512,0.0005,0.0,80,1.8379846811294556,1.6138153724235866,0.05604232717646723
512-512-512,0.0005,0.0,80,1.10919988155365,0.8566920642371421,0.06312695432912696
512-512-512,0.0005,0.0,80,2.0816428661346436,1.955157745998936,0.03162128003392689
512-512-512,0.0005,0.0,80,2.1338353157043457,2.1198387356700374,0.003499145008577065
512-512-512,0.0005,0.0,80,2.2473485469818115,2.158359414148537,0.02224728320831859
512-512-512,0.0005,0.0,80,0.831319272518158,1.1854693379960008,0.26561254910838217
512-512-512,0.0005,0.0,80,1.8068572282791138,1.876700571526692,0.05238250743568368
512-512-512,0.0005,0.0,80,2.3186278343200684,2.5945216016659183,0.20692032550938744
512-512-512,0.0005,0.0,80,1.746334195137024,1.605514187366683,0.035205001942585246
512-512-512,0.0005,0.0,80,2.064142942428589,2.166751763116934,0.07695661551625899
512-512-512,0.0005,0.0,80,1.3241567611694336,1.3242106672222624,4.042953962163365e-05
512-512-512,0.0005,0.0,80,2.1216928958892822,1.8755890884451891,0.061525951861023276
512-512-512,0.0005,0.0,80,1.986443042755127,1.512925166894736,0.11837946896509771
512-512-512,0.0005,0.0,80,2.251624584197998,1.9442722211594876,0.07683809075962761
512-512-512,0.0005,0.0,80,1.3423620462417603,1.5759352040499808,0.1751798683561654
512-512-512,0.0005,0.0,80,1.0960341691970825,0.7337680569362444,0.09056652806520954
512-512-512,0.0005,0.0,80,1.29027259349823,1.2201210452120843,0.017537887071536418
512-512-512,0.0005,0.0,80,2.020278215408325,2.268382692835132,0.18607835807010498
512-512-512,0.0005,0.0,80,1.879394769668579,1.8572896037247864,0.005526291485948187
512-512-512,0.0005,0.0,80,1.804386854171753,1.526233329380282,0.06953838119786776
512-512-512,0.0005,0.0,80,1.5638984441757202,1.9299699680514049,0.2745536429067635
512-512-512,0.0005,0.0,80,0.8435744643211365,0.9214061889545344,0.05837379347504845
512-512-512,0.0005,0.0,80,1.3224629163742065,1.4654430500783158,0.10723510027808192
512-512-512,0.0005,0.0,80,1.6558804512023926,1.5557891864332172,0.02502281619229385
512-512-512,0.0005,0.0,80,2.271130084991455,1.7852938770294884,0.12145905199049167
512-512-512,0.0005,0.0,80,2.774413585662842,2.7180704294471383,0.014085789053925879
512-512-512,0.0005,0.0,80,1.2649518251419067,0.8961286159706995,0.09220580229280181
512-512-512,0.0005,0.0,80,0.9640283584594727,0.669375473896024,0.07366322114086216
512-512-512,0.0005,0.0,80,1.9312719106674194,1.5244411501305573,0.10170769013421554
512-512-512,0.0005,0.0,80,1.3806663751602173,1.2964585169815068,0.021051964544677615
512-512-512,0.0005,0.0,80,0.9441197514533997,0.9747088270708864,0.02294180671311502
512-512-512,0.0005,0.0,80,0.9532902836799622,0.912475032077238,0.010203812900681036
512-512-512,0.0005,0.0,80,2.460767984390259,2.3152349097248464,0.03638326866635311
512-512-512,0.0005,0.0,80,1.7411789894104004,0.8541905804303037,0.22174710224502417
512-512-512,0.0005,0.0,80,1.9869533777236938,1.9658628828830296,0.005272623710166069
512-512-512,0.0005,0.0,80,2.0292420387268066,1.8695728062207069,0.03991730812652494
512-512-512,0.0005,0.0,80,2.9203028678894043,2.812554848490691,0.026937004849678314
512-512-512,0.0005,0.0,80,1.4170385599136353,1.1963778375047005,0.05516518060223369
512-512-512,0.0005,0.0,80,2.305814504623413,1.7129299594755003,0.1482211362869782
512-512-512,0.0005,0.0,80,0.9758321046829224,0.7624036844789625,0.05335710505098998
512-512-512,0.0005,0.0,80,1.3835982084274292,0.9813990697709324,0.1005497846641242
512-512-512,0.0005,0.0,80,2.3592076301574707,2.3973040115716993,0.028572286060671415
512-512-512,0.0005,0.0,80,2.1877238750457764,1.8075876815623255,0.09503404837086271
512-512-512,0.0005,0.0,80,1.2729389667510986,1.5192241228065997,0.1847138670416258
512-512-512,0.0005,0.0,80,1.7785433530807495,1.5049150361372607,0.06840707923587219
512-512-512,0.0005,0.0,80,2.1594936847686768,2.3131639653795695,0.11525271045816954
512-512-512,0.0005,0.0,80,2.1849992275238037,1.7914782986077142,0.09838023222902237
512-512-512,0.0005,0.0,80,2.472353219985962,2.397086198899374,0.018816755271646946
512-512-512,0.0005,0.0,80,1.3448094129562378,1.2849497173762556,0.014964923894995541
512-512-512,0.0005,0.0,80,0.8643011450767517,1.1456133532417063,0.21098415612371596
512-512-512,0.0005,0.0,80,1.4427241086959839,1.2013394254317205,0.06034617081606586
512-512-512,0.0005,0.0,80,1.073617935180664,0.7193705365210239,0.08856184966491004
512-512-512,0.0005,0.0,80,1.8478937149047852,1.300783226892506,0.1367776220030698
512-512-512,0.0005,0.0,80,1.4091564416885376,0.7823515023255135,0.15670123484075602
512-512-512,0.0005,0.0,80,0.8856585621833801,0.962945313975042,0.05796506384374642
