Selected_Sigma,Selected_Lambda,Decision_Q,Demand_D,Operation_Cost
2.0,1e-06,0.6940041778901307,0.7289958425138237,0.026243748467769723
2.0,1e-06,1.7933297068212912,2.117918577250118,0.24344165282162
2.0,1e-06,1.7500942132519146,1.8535303060751973,0.07757706961746202
2.0,1e-06,1.1082381942806752,1.6214256066485504,0.38489055927590643
2.0,1e-06,2.1551844466247623,1.8943539295739171,0.06520762926271129
2.0,1e-06,1.5177685784003287,1.3548937172135531,0.04071871529669391
2.0,1e-06,1.2752569556810336,1.5519271600120397,0.20750265324825456
2.0,1e-06,1.8095520382830994,1.4448298960631174,0.0911805355549955
2.0,1e-06,1.6709541206830814,1.4331259477202667,0.059457043240703666
2.0,1e-06,1.9223719426773105,1.9666345103602396,0.03319692576219685
2.0,1e-06,1.1096487405998374,0.9064175178022432,0.05080780569939855
2.0,1e-06,1.1446333914110038,1.3494490008765103,0.15361170709912986
2.0,1e-06,1.9671191705428859,2.3856484892407295,0.3138969890233827
2.0,1e-06,0.6648343991071552,1.0738079157657086,0.306730137493915
2.0,1e-06,2.015480917135789,2.037936311445553,0.016841545732323215
2.0,1e-06,0.8974654241112372,1.2018398674546664,0.22828083250757192
2.0,1e-06,0.7368029929981343,0.5462032619961951,0.04764993275048482
2.0,1e-06,1.5160079316461577,1.9256626412849736,0.3072410322291119
2.0,1e-06,1.2659123626689972,1.7754114304836854,0.3821243008610162
2.0,1e-06,2.6115525488344513,2.217198713358077,0.09858845886909362
2.0,1e-06,1.211554710916765,1.6788013187271584,0.35043495585779505
2.0,1e-06,1.9650587465369753,2.114734677366344,0.11225694812202636
2.0,1e-06,1.240065885462684,1.0354843762190291,0.05114537731091373
2.0,1e-06,1.65951010820298,1.715819716971437,0.04223220657634286
2.0,1e-06,1.036765345184678,0.8112879616132271,0.05636934589286274
2.0,1e-06,0.993981270458173,0.7788162569378074,0.053791253380091386
2.0,1e-06,1.4072283481772612,1.174143270000032,0.05827126954430728
2.0,1e-06,1.3482488715562884,0.9881212616592536,0.09003190247425868
2.0,1e-06,2.7665863162606117,2.550230024185659,0.05408907301873822
2.0,1e-06,0.7864948290040896,0.7745454113878584,0.0029873544040578126
2.0,1e-06,1.9920232436649998,2.0429535586443643,0.03819773623452338
2.0,1e-06,1.1889833685223756,1.5785553911983718,0.29217901700699717
2.0,1e-06,1.0202890619366425,0.837274925939408,0.04575353399930862
2.0,1e-06,0.9318849720041271,1.0956233689336623,0.12280379769715138
2.0,1e-06,2.0369052135630676,1.8541785383292884,0.04568166880844482
2.0,1e-06,1.9573703742799857,1.7426892731921817,0.05367027527195101
2.0,1e-06,1.1525434281153117,1.6805991620473617,0.3960418004490375
2.0,1e-06,0.8219643826373151,0.6110773409584391,0.05272176041971899
2.0,1e-06,0.9667576627630456,1.073354172243273,0.07994738211017044
2.0,1e-06,1.7136612622874008,0.9421420101997368,0.192879813021916
2.0,1e-06,2.5898521588895917,2.12330090964078,0.11663781231220294
2.0,1e-06,0.8497892508593861,0.6079877038220414,0.06045038675933617
2.0,1e-06,1.1926974515979136,0.8876204902060181,0.07626924034797389
2.0,1e-06,1.5161346557810624,1.0826520443464882,0.10837065285864356
2.0,1e-06,1.4198652126254707,1.5697932444306593,0.11244602385389141
2.0,1e-06,2.3282302664034704,2.338003420623763,0.007329865665219426
2.0,1e-06,1.4160639984256829,1.59592574829364,0.13489631240096783
2.0,1e-06,1.0619691433583984,1.034811033945382,0.00678952735325411
2.0,1e-06,1.405341954887076,1.6152372172605225,0.15742144678008485
2.0,1e-06,1.5021139651740167,1.216495431745908,0.07140463335702718
2.0,1e-06,1.0153310257527757,0.5612999871482326,0.11350775965113577
2.0,1e-06,1.556626171501641,1.881511413871356,0.2436639317772863
2.0,1e-06,0.8945673114382533,1.1802142015914714,0.21423516761491357
2.0,1e-06,1.4216491606390775,1.3487875889126837,0.018215392931598462
2.0,1e-06,1.2978066498150156,0.7811675897959687,0.12915976500476173
2.0,1e-06,1.9831285689559603,2.4318851188190105,0.3365674123972876
2.0,1e-06,1.7553779137506655,1.7475619610676842,0.0019539881707453244
2.0,1e-06,1.6416286328444514,1.9250854305452136,0.2125925982755717
2.0,1e-06,1.0670674302737133,0.6990196161215018,0.09201195353805289
2.0,1e-06,1.2819515733894633,0.9837446364808744,0.07455173422714723
2.0,1e-06,1.309007893894366,1.291424926441446,0.004395741863229996
2.0,1e-06,0.9500332855686384,0.8173350922157784,0.03317454833821501
2.0,1e-06,1.26599517645694,1.304066221543717,0.028553283815082875
2.0,1e-06,1.5096147404832259,1.2327855536114365,0.06920729671794734
2.0,1e-06,2.303521095051746,2.0056348506099435,0.07447156111045061
2.0,1e-06,1.6654167527390058,1.583993172466542,0.02035589506811597
2.0,1e-06,1.9562315048735375,2.0484485650185387,0.0691627951087509
2.0,1e-06,1.671199647960039,1.3433532627736358,0.08196159629660082
2.0,1e-06,2.2613269097501405,2.175557628209848,0.0214423203850731
2.0,1e-06,1.345307697224074,1.2165112403794835,0.03219911421114763
2.0,1e-06,2.247159277034436,2.2660483806158633,0.01416682768607036
2.0,1e-06,1.5060607938118036,1.5904890457472691,0.06332118895159916
2.0,1e-06,0.7862550951676219,0.7527824315348638,0.008368165908189534
2.0,1e-06,0.6716958077331334,0.6454552379141781,0.006560142454738821
2.0,1e-06,1.1000882519332187,1.1359311818185314,0.02688219741398451
2.0,1e-06,1.3726463436541447,1.0767825043597052,0.07396595982360987
2.0,1e-06,1.356453774806349,1.2896798079800058,0.016693491706585795
2.0,1e-06,1.49758264067904,1.525897191236358,0.02123591291798843
2.0,1e-06,1.3464561007527074,0.9802012574577506,0.09156371082373921
2.0,1e-06,2.161840515068306,1.6128392383046397,0.13725031919091657
2.0,1e-06,1.4700973464071492,1.3244028677294457,0.036423619669425866
2.0,1e-06,1.185289176046627,1.305072933547769,0.0898378181258565
2.0,1e-06,1.4361269277437856,1.4508281896974171,0.011025946465223646
2.0,1e-06,1.74516456587423,2.095062795696659,0.26242367236682185
2.0,1e-06,1.0174204236963291,1.1296729427687122,0.08418938930428732
2.0,1e-06,1.0705973599108152,0.8955850903159079,0.04375306739872681
2.0,1e-06,1.565364241847755,1.5104826397985152,0.013720400512309938
2.0,1e-06,1.2836392350860173,1.1375219893898505,0.0365293114240417
2.0,1e-06,2.070562999426186,1.806114826246232,0.06611204329498849
2.0,1e-06,2.0416335391720146,1.9856116962784771,0.014005460723384378
2.0,1e-06,1.1354777551910544,1.1584750227417098,0.017247950662991507
2.0,1e-06,1.1684124673553384,1.0437206838514783,0.03117294587596503
2.0,1e-06,1.2741290334118869,1.4960319103395467,0.1664271576957449
2.0,1e-06,2.2599610791701226,2.293827105048603,0.025399519408860316
2.0,1e-06,2.145874582966556,2.2613980977207384,0.08664263606563682
2.0,1e-06,1.2587981157826693,1.569896509855435,0.23332379555457422
2.0,1e-06,1.7158382538913948,1.6429399865729744,0.018224566829605104
2.0,1e-06,1.3095741719758482,1.6070798267915605,0.22312924111178417
2.0,1e-06,1.433540817027394,1.3325408922309938,0.025249981199100047
2.0,1e-06,1.0765395023993989,1.6651631835264011,0.4414677608452517
2.0,1e-06,1.015026115365492,1.1224420891043154,0.08056198030411754
2.0,1e-06,1.6467395023844364,1.1955326012408274,0.11280172528590227
2.0,1e-06,2.2057140936206796,2.1798523690803093,0.00646543113509257
2.0,1e-06,1.2224902358807999,1.773291808099434,0.4131011791639756
2.0,1e-06,0.8615551938147004,1.336068539723673,0.3558850094317294
2.0,1e-06,1.0036118294233294,0.4042365538625633,0.14984381889019152
2.0,1e-06,0.6132191369530826,1.1996141036217742,0.4397962250015187
2.0,1e-06,1.0935008953713314,1.230736986064237,0.10292706801967916
2.0,1e-06,2.361194605247083,2.14522036758526,0.053993559415455694
2.0,1e-06,1.3834155805922546,1.4461317292783844,0.047037111514597385
2.0,1e-06,1.205978154293799,1.3921280754133931,0.13961244083969554
2.0,1e-06,2.0134054755684865,2.564772003444463,0.4135248959069824
2.0,1e-06,2.0178216995993017,1.885572623260499,0.03306226908470067
2.0,1e-06,1.3614550975396575,0.8005198389108216,0.140233814657209
2.0,1e-06,1.0916881653055555,0.3499660200881975,0.18543053630433948
2.0,1e-06,1.0575124798873112,0.932533781852546,0.03124467450869131
2.0,1e-06,1.0711749138450983,0.8346616532064113,0.05912831515967176
2.0,1e-06,1.0668155644984285,1.3427383874014232,0.20694211717724598
2.0,1e-06,1.3359456802683773,1.2886511862175596,0.01182362351270444
2.0,1e-06,1.1452557021382042,1.2640881227804923,0.08912431548171612
2.0,1e-06,1.6402030194308086,2.020316867390506,0.28508538596977295
2.0,1e-06,1.514562984660806,1.585204358591971,0.05298103044837382
2.0,1e-06,1.6879045176320844,1.1456782928996412,0.1355565561831108
2.0,1e-06,1.4469879820723808,1.715276991793215,0.2012167572906256
2.0,1e-06,1.7149321789669631,1.3960671432712397,0.07971625892393086
2.0,1e-06,0.8214639209867318,0.7816088958421719,0.009963756286139991
2.0,1e-06,1.3037549603850138,0.9168830003854416,0.09671798999989306
2.0,1e-06,2.3309942939590735,2.056548991410474,0.06861132563714989
2.0,1e-06,0.7379283996443302,1.0854930525845536,0.26067348970516757
2.0,1e-06,1.8769333859211255,2.029008588627508,0.11405640202978706
2.0,1e-06,1.6453545569859145,1.4531417387269523,0.04805320456474055
2.0,1e-06,1.4956446971480108,1.357212800471037,0.03460797416924344
2.0,1e-06,1.7472206873942504,1.8941426902707312,0.11019150215736062
2.0,1e-06,1.682185693950693,1.800214633231461,0.08852170446057606
2.0,1e-06,1.3373008658860979,0.828242637562428,0.12726455708091747
2.0,1e-06,1.180326343359651,1.39280951133118,0.15936237597864683
2.0,1e-06,0.8476159068195965,0.6447372490426595,0.05071966444423426
2.0,1e-06,0.9974711015416222,1.084027254916486,0.06491711503114783
2.0,1e-06,1.1507819504363255,0.942403265099896,0.05209467133410736
2.0,1e-06,0.7361564078204559,0.693647007043726,0.010627350194182483
2.0,1e-06,0.8563356898729229,0.8510125815758554,0.0013307770742668756
2.0,1e-06,1.0914056044335059,0.7661958013103521,0.08130245078078843
2.0,1e-06,1.2601530658857705,1.4701149258395318,0.15747139496532103
2.0,1e-06,2.268550676826103,2.196368355083645,0.01804558043561455
2.0,1e-06,1.1567190085664496,1.2014185475885064,0.03352465426654261
2.0,1e-06,1.3734137466789402,1.3074031239043065,0.01650265569365844
2.0,1e-06,0.6579449072967076,1.0210377571798934,0.27231963741238935
2.0,1e-06,0.9823836614998882,1.0721455737341905,0.06732143417572672
2.0,1e-06,1.746475263863287,2.022048375876242,0.20667983400971623
2.0,1e-06,0.6747439415102487,0.1550542654592478,0.12992241901275023
2.0,1e-06,2.6575069654157515,2.5012710587103077,0.039058976676360935
2.0,1e-06,1.4969921592568944,1.3286291018972924,0.0420907643399005
2.0,1e-06,1.0277568466730287,1.2140168869217136,0.1396950301865137
2.0,1e-06,1.2208058340212968,1.1910522676373436,0.007438391595988303
2.0,1e-06,1.229683131141023,0.9531862591931888,0.06912421798695856
2.0,1e-06,1.117445043315307,1.0883252138895458,0.00727995735644027
2.0,1e-06,1.4144923355597854,1.3509291914738075,0.015890786021494463
2.0,1e-06,1.8436646334798583,1.4744394679405617,0.09230629138482416
2.0,1e-06,1.6554547414954417,1.2593333256009376,0.09903035397362603
2.0,1e-06,1.053259771976661,1.1416118905508303,0.06626408893062702
2.0,1e-06,3.032216654401771,2.976606064982391,0.013902647354845032
2.0,1e-06,1.7689059791456874,1.792717675476542,0.01785877224814092
2.0,1e-06,1.8309295094780094,2.0787851375497377,0.18589172105379625
2.0,1e-06,1.4231582912051444,1.1982026691446606,0.05623890551512095
2.0,1e-06,1.2838103497215432,1.2580759140051077,0.0064336089291088805
2.0,1e-06,1.9682846529906115,1.939021010481833,0.007315910627194611
2.0,1e-06,1.1171188470916356,1.244437016791513,0.09548862727490814
2.0,1e-06,1.6839732928523645,1.9669555935315712,0.21223672550940503
2.0,1e-06,1.2970797703921253,1.2321339780099057,0.016236448095554912
2.0,1e-06,1.1517151102350347,1.2304820391302964,0.059075196671446284
2.0,1e-06,1.6503920197217479,1.9558962126578143,0.22912814470204984
2.0,1e-06,0.9998350808007608,0.8652743245047979,0.03364018907399072
2.0,1e-06,1.4367819572387734,1.0363417666189378,0.1001100476549589
2.0,1e-06,0.8059139260645622,0.6915146911760146,0.02859980872213691
2.0,1e-06,2.1451356778216093,2.2634631249678474,0.08874558535967858
2.0,1e-06,2.6720276081668475,1.984295775660644,0.17193295812655085
2.0,1e-06,0.9388988512466323,0.6574530273174797,0.07036145598228816
2.0,1e-06,0.7142018698423165,0.6127979981881638,0.025350967913538164
2.0,1e-06,0.9331819956569358,1.2719292573677825,0.254060446283135
2.0,1e-06,1.5278012853473726,1.2611278645572337,0.06666835519753472
2.0,1e-06,2.852538014953291,2.434079724279682,0.10461457266840224
2.0,1e-06,1.6035424278755261,1.5303026917704197,0.01830993402627662
2.0,1e-06,1.3437910751609063,1.435591266504613,0.06885014350778007
2.0,1e-06,1.4184011499150504,1.1466584494354874,0.06793567511989074
2.0,1e-06,1.9378097472913653,1.9911626646319824,0.04001468800546282
2.0,1e-06,1.165279881167507,0.8647036076154595,0.07514406838801185
2.0,1e-06,1.2512313067782301,1.287962396172249,0.027548317045514192
2.0,1e-06,2.226712448581944,2.0297408047268877,0.0492429109637641
2.0,1e-06,2.0648566162285436,2.267896257685368,0.1522797310926184
2.0,1e-06,1.7942650886083058,1.626146299704279,0.04202969722600669
2.0,1e-06,2.090685637962048,1.9376955937213023,0.03824751106018648
2.0,1e-06,0.9268803337439806,1.05243969794771,0.09416952315279703
2.0,1e-06,2.7630268199229526,2.55712470432793,0.05147552889875562
2.0,1e-06,2.9039380257900236,2.822537748886691,0.020350069225833156
2.0,1e-06,1.8320407994879426,1.9838143323269932,0.11383014962928795
2.0,1e-06,1.6784199221132088,0.8443095091817098,0.20852760323287475
2.0,1e-06,1.1154208954171114,0.5823304849965152,0.13327260260514906
2.0,1e-06,1.5779377600081705,1.5069814283165262,0.017739082922911098
2.0,1e-06,1.6602098240085965,1.6037352128207398,0.01411865279696417
2.0,1e-06,1.1194165792859199,1.0389165491345502,0.02012500753784241
2.0,1e-06,1.7645110778412576,1.4767798319204546,0.07193281148020075
2.0,1e-06,1.2272692120250603,1.394262189305543,0.12524473296036193
2.0,1e-06,2.8529547311940213,2.818043013428217,0.008727929441451066
2.0,1e-06,1.4582781144897634,1.7299216880919537,0.2037326802016427
2.0,1e-06,1.652743315511243,1.4015387000206747,0.06280115387264207
2.0,1e-06,1.1572234070478746,1.0835281165960209,0.018423822612963436
2.0,1e-06,0.746362494376978,0.5246356819985167,0.055431703094615314
2.0,1e-06,0.9312908904690538,0.5117577247600894,0.1048832914272411
2.0,1e-06,1.623694110832819,2.4736903702433835,0.6374971945579234
2.0,1e-06,1.4719284237934325,1.4126819387227412,0.014811621267672825
2.0,1e-06,1.5465565129206151,1.0939484296639526,0.11315202081416564
2.0,1e-06,2.073475840867884,2.2233779729375316,0.11242659905223573
2.0,1e-06,1.8676632897405678,1.6436099949861047,0.05601332368861578
2.0,1e-06,0.801315203796376,1.101409455630017,0.22507068887523068
2.0,1e-06,1.6653416572307034,1.2933038812892574,0.09300944398536148
2.0,1e-06,2.1629865912925164,2.1941137712326513,0.02334538495510119
2.0,1e-06,0.9801703650382532,1.0637727765401093,0.06270180862639207
2.0,1e-06,1.1721890104990713,0.9089051942515712,0.06582095406187502
2.0,1e-06,1.9090577931395343,2.1118378147821706,0.15208501623197723
2.0,1e-06,2.1519785452767684,2.5969186106444333,0.3337050490257487
2.0,1e-06,1.2132667368326118,1.367670824299733,0.11580306560034098
2.0,1e-06,2.5321951115170727,2.3233679376423013,0.052206793468692836
2.0,1e-06,0.9888348250401187,1.4162110305907505,0.32053215416297387
2.0,1e-06,1.8260542404719216,1.744923797223046,0.020282610812218882
2.0,1e-06,1.8928544352148862,1.9580212294366397,0.04887509566631515
2.0,1e-06,3.066656052708467,2.676029906556068,0.09765653653809969
2.0,1e-06,0.7712879044451082,0.7593676898343041,0.0029800536527010146
2.0,1e-06,1.9331858798080273,1.9468158514629463,0.010222478741189311
2.0,1e-06,1.5625550301329962,1.5378784191975703,0.006169152733856487
2.0,1e-06,1.3748233589358207,1.1938282928224735,0.045248766528336815
2.0,1e-06,0.9702687529634932,0.8360004669523001,0.03356707150279828
2.0,1e-06,1.9366867805208798,2.1586602065061653,0.1664800694889641
2.0,1e-06,1.1744762166351777,0.8909768571903923,0.07087483986119633
2.0,1e-06,0.801514802501158,0.6968549840564439,0.026164954611178542
2.0,1e-06,1.5418375059284894,1.159021084260977,0.09570410541687813
2.0,1e-06,1.3686395218971388,1.1707837285173963,0.049463948344935615
2.0,1e-06,2.036232775131878,2.000987912454599,0.00881121566931975
2.0,1e-06,1.027072876590104,0.7445228081002372,0.07063751712246671
2.0,1e-06,1.257985728033491,1.346854785040739,0.06665179275543609
2.0,1e-06,2.124244470673612,2.407101491866486,0.21214276589465553
2.0,1e-06,2.332666415921211,2.4989469662223893,0.12471041272588379
2.0,1e-06,2.179352805680699,2.047382352092809,0.03299261339697246
2.0,1e-06,1.2070089526405035,1.2480524779028772,0.03078264394678032
2.0,1e-06,1.0957664657353856,0.9199996949780972,0.043941692689322104
2.0,1e-06,1.6582294526855872,1.7242138852291895,0.049488324407701734
2.0,1e-06,2.5879355605027117,3.0937448256416378,0.3793569488541946
2.0,1e-06,1.3973021012008413,0.996787027244524,0.10012876848907934
2.0,1e-06,2.2295566797184643,2.239128511962716,0.007178874183188633
2.0,1e-06,0.88675356204077,0.9952830148917092,0.08139708963820438
2.0,1e-06,1.4377403006998861,1.5065303645738928,0.05159254790550499
2.0,1e-06,1.4322380896255957,1.2945236725591631,0.034428604266608154
2.0,1e-06,1.5755410263108622,1.1888207017386598,0.0966800811430506
2.0,1e-06,0.7958536320803855,0.4690514507240538,0.08170054533908293
2.0,1e-06,1.6290287500085174,1.7437352546732263,0.08602987849853166
2.0,1e-06,0.8994844477432942,0.6690953985059037,0.05759726230934761
2.0,1e-06,0.8939780113950189,0.7496277308719708,0.036087570130762026
2.0,1e-06,1.2752072285241294,0.9001284049730481,0.09376970588777031
2.0,1e-06,1.2002714710288007,1.5767540978561811,0.2823619701205353
2.0,1e-06,0.9036191519057688,1.2541201383196725,0.2628757398104278
2.0,1e-06,1.2989885361750098,1.080850287584417,0.05453456214764818
2.0,1e-06,1.5208094670653818,0.98159946845415,0.13480249965280794
2.0,1e-06,1.1768224503562745,0.9780953758407452,0.04968176862888232
2.0,1e-06,1.2766725176076363,1.4386327118727849,0.12147014569886139
2.0,1e-06,2.423006570178414,2.4340811058863845,0.008305901780978009
2.0,1e-06,2.359895136776607,2.391363944474746,0.023601605773604484
2.0,1e-06,0.9896985328629846,0.6560790551834669,0.08340486941987943
2.0,1e-06,1.4503199328204968,1.6553787752473856,0.15379413182016666
2.0,1e-06,1.4082258274120747,1.1009302936614307,0.076823883437661
2.0,1e-06,0.6516203493511963,0.4241779720017911,0.0568605943373513
2.0,1e-06,1.3011665673664279,1.0208032467846917,0.07009083014543405
2.0,1e-06,2.6785109042018247,2.931124646938214,0.1894603070522921
2.0,1e-06,1.2187009665316602,0.9746195082594218,0.06102036456805959
2.0,1e-06,2.5178642249181307,2.3905159591703073,0.03183706643695583
2.0,1e-06,0.7844863403649001,0.7533074186766768,0.007794730422055807
2.0,1e-06,0.8802618754192899,0.6997849577839425,0.045119229408836864
2.0,1e-06,1.4227778785315053,1.6980776205848704,0.20647480654002387
2.0,1e-06,2.0490440925230367,1.6222588341718136,0.10669631458780576
2.0,1e-06,0.8631962926008789,1.2149410147940394,0.26380854164487033
2.0,1e-06,2.5485530244630565,2.1572566482465887,0.09782409405411696
2.0,1e-06,2.169208192340487,1.9559196728036967,0.053322129884197544
2.0,1e-06,0.758688902218605,0.649166793101654,0.027380527279237732
2.0,1e-06,2.7271276527386767,2.518460623463163,0.05216675731887843
2.0,1e-06,1.5981866261703743,1.1712385767456914,0.10673701235617072
2.0,1e-06,1.2710316177360017,1.2417579300258588,0.007318421927535734
2.0,1e-06,1.6581614964977103,1.6608403582730245,0.002009146331485634
2.0,1e-06,1.5653790442138416,1.45178662939723,0.02839810370415291
2.0,1e-06,1.438437306292938,1.7058951902688415,0.20059341298192757
2.0,1e-06,2.5484266019129294,2.4462794678898963,0.025536783505758276
2.0,1e-06,1.821142229536262,2.0748028401026097,0.19024545792476077
2.0,1e-06,1.1973566548858905,0.7887092364724337,0.10216185460336419
2.0,1e-06,2.0417168451634433,2.0456414718096556,0.0029434699846592194
2.0,1e-06,1.384987263974443,1.2039297680672996,0.04526437397678584
2.0,1e-06,1.5636145612201222,1.4854134251198985,0.01955028402505593
2.0,1e-06,1.0172908158578142,1.410576536409054,0.29496429041342975
2.0,1e-06,1.581885234034937,1.5119480148655409,0.017484304792349026
2.0,1e-06,0.9906603108468737,0.9137472946176256,0.019228254057312016
2.0,1e-06,2.3861786153705973,2.4386058171512373,0.03932040133547998
2.0,1e-06,1.7411811597176516,1.5759627064652917,0.04130461331308999
2.0,1e-06,1.182584434311508,0.8739657536947941,0.07715467015417846
2.0,1e-06,1.1725169830072346,1.0122600285392114,0.04006423861700581
2.0,1e-06,1.2660372163436815,0.943125250712887,0.08072799140769862
2.0,1e-06,0.7550703804714907,0.7641327471091508,0.0067967749782451015
2.0,1e-06,2.214754586218934,2.68116966987451,0.3498113127416822
2.0,1e-06,1.3302069230024482,0.9443840815700116,0.09645571035810915
2.0,1e-06,1.7159059669528123,1.8652892397914749,0.11203745462899695
2.0,1e-06,1.6871551843874713,1.576423721190058,0.027682865799353307
2.0,1e-06,1.303803121951196,1.1068315809265608,0.04924288525615883
2.0,1e-06,1.3952621370602571,1.7708978820145318,0.281726808715706
2.0,1e-06,0.9735356114112843,0.9456625033182654,0.006968277023254726
2.0,1e-06,1.7239566551230645,1.0212467472383224,0.17567747697118552
2.0,1e-06,2.60101624287977,2.6444521713435436,0.03257694634783015
2.0,1e-06,0.8986988487389898,1.025898009867638,0.0953993708464862
2.0,1e-06,1.1783797647413419,1.469138021399293,0.2180686924934634
2.0,1e-06,2.2095148350130183,2.254339627231606,0.03361859416394086
2.0,1e-06,0.7824070071914822,0.6664070543418086,0.028999988212418393
2.0,1e-06,1.1092730274995528,0.8670752992565901,0.06054943206074068
2.0,1e-06,1.2086634080455863,1.026959112595041,0.04542607386263631
2.0,1e-06,0.9011921282276809,0.6445027394389407,0.06417234719718506
2.0,1e-06,1.8786601890181798,1.8317463737735111,0.011728453811167161
2.0,1e-06,1.3095183292008468,1.1379274569884634,0.042897718053095835
2.0,1e-06,1.7153433313887518,1.9400019339399377,0.1684939519133894
2.0,1e-06,1.9308790751350697,2.111540090427842,0.1354957614695791
2.0,1e-06,1.0441130896384951,0.8586179473870845,0.046373785562852654
2.0,1e-06,1.1904544689530923,1.0201622124905805,0.042573064115627945
2.0,1e-06,1.5856082843955708,0.938505153525794,0.1617757827174442
2.0,1e-06,1.3521556564445252,1.6347581238750717,0.21195185057290988
2.0,1e-06,2.01902705119008,2.2601493906737686,0.18084175461276641
2.0,1e-06,1.1784587981252184,0.9374583175092174,0.06025012015400025
2.0,1e-06,0.8191813620680399,0.9409880928465204,0.09135504808386036
2.0,1e-06,1.7283420245647463,1.5049551635860705,0.05584671524466894
2.0,1e-06,1.2217297541283099,1.005609041220157,0.054030178227038206
2.0,1e-06,1.6524694247026588,1.5100227535861084,0.0356116677791376
2.0,1e-06,2.0597635215280876,1.2172757549667053,0.2106219416403456
2.0,1e-06,0.775398930678092,0.5526080863490533,0.055697711082259654
2.0,1e-06,1.7318248538299112,1.6962941785834826,0.008882668811607153
2.0,1e-06,1.7875590091909306,1.3659189507569958,0.1054100146084837
2.0,1e-06,1.701026250355481,1.5520945004795403,0.03723293746898515
2.0,1e-06,0.8048079974228894,0.7493912509574882,0.013854186616350322
2.0,1e-06,1.285013107888064,1.4130184849413456,0.09600403278996122
2.0,1e-06,0.9139041411157827,0.8958185347422116,0.00452140159339276
2.0,1e-06,1.114577742131491,0.821651116480517,0.07323165641274351
2.0,1e-06,1.2746857923385875,1.011591728132866,0.06577351605143039
2.0,1e-06,1.281074865453549,1.3697007587667986,0.06646941998493716
2.0,1e-06,1.2123102103572077,0.9498470264268852,0.0656157959825806
2.0,1e-06,1.8144541862747428,1.7908497588571155,0.005901106854406812
2.0,1e-06,1.1407864511029064,1.30764584749207,0.1251445472918727
2.0,1e-06,1.665475639383839,1.71074941629473,0.033955332683168304
2.0,1e-06,2.433919058582547,2.6134443933813465,0.13464400109909946
2.0,1e-06,0.8928877375527549,0.6367052422769147,0.06404562381896003
2.0,1e-06,1.111269372999411,0.8857285913291046,0.056385195417576583
2.0,1e-06,2.2978551717841933,2.3367198653160455,0.029148520148889134
2.0,1e-06,2.5131208234448206,2.6923647247043996,0.13443292594468426
2.0,1e-06,1.0639845866743691,0.9022842657915402,0.04042508022070723
2.0,1e-06,1.3146713862623347,1.4536513212417534,0.10423495123456405
2.0,1e-06,1.7340909222032632,1.798128985169263,0.04802854722449984
2.0,1e-06,0.8105216001642024,1.1622745960898009,0.2638147469441989
2.0,1e-06,0.7148191341677492,0.6556059653301093,0.014803292209409985
2.0,1e-06,1.6577630246604453,1.759819025198257,0.07654200040335879
2.0,1e-06,1.6477242446330571,1.6377866475075695,0.0024843992813718963
2.0,1e-06,1.0188877873450455,0.5715147647786264,0.11184325564160477
2.0,1e-06,1.138263900839057,1.5539428385937757,0.31175920331603907
2.0,1e-06,0.7926677624216598,1.1280273801087477,0.2515197132653159
2.0,1e-06,1.7584107707060035,1.5837681184555328,0.04366066306261768
2.0,1e-06,0.7596593382186558,0.8616524718645844,0.07649485023444641
2.0,1e-06,1.2575268313800922,0.9395619350119114,0.0794912240920452
2.0,1e-06,1.4422864439928134,1.8158369350574188,0.2801628682984541
2.0,1e-06,1.9456456213828366,2.2134658502336846,0.200865171638136
2.0,1e-06,1.4666574887223938,1.366939573894267,0.024929478707031716
2.0,1e-06,1.8999891783054474,2.470596948393429,0.42795582756598627
2.0,1e-06,2.9034713490841773,3.158383022553171,0.19118375510174535
2.0,1e-06,2.2271269621734575,2.5620208207609596,0.25117039394062657
2.0,1e-06,1.5488201180151577,1.486018242489117,0.015700468881510166
2.0,1e-06,0.8321610213919524,0.6628837141375993,0.04231932681358827
2.0,1e-06,0.8670988918077995,0.6142191276805657,0.06321994103180845
2.0,1e-06,1.3935662710136594,1.378837235494594,0.0036822588797663647
2.0,1e-06,1.7719128881741018,1.811524475895896,0.029708690791345638
2.0,1e-06,1.580064821550426,1.758978295606317,0.13418510554191815
2.0,1e-06,2.666177078629069,3.0491260855972953,0.2872117552261698
2.0,1e-06,1.7924291764831217,1.4096585687270755,0.09569265193901155
2.0,1e-06,1.3456994476152992,1.1270101430549802,0.054672326140079774
2.0,1e-06,1.908131488409592,1.6559781437539334,0.06303833616391463
2.0,1e-06,1.357868229592924,1.1309418383214602,0.056731597817865964
2.0,1e-06,2.1519501181732723,1.8488530046228824,0.07577427838759748
2.0,1e-06,1.8143952868860165,1.956621745772449,0.10666984416482445
2.0,1e-06,1.2988916024947397,0.7883406345846903,0.12763774197751235
2.0,1e-06,2.006310830341829,1.8721714059714911,0.0335348560925845
2.0,1e-06,1.7379917769456465,1.3267308751896278,0.10281522543900468
2.0,1e-06,1.2672386190783005,1.2601557107574155,0.001770727080221246
2.0,1e-06,1.5207572932679945,1.7566729322933718,0.17693672926903303
2.0,1e-06,2.038416046994173,2.0900842325959386,0.038751139201324336
2.0,1e-06,2.1783922800616207,2.310694009036201,0.09922629673093519
2.0,1e-06,1.02358974148504,1.404900364522362,0.28598296727799166
2.0,1e-06,2.105438637966878,2.0977073199006884,0.0019328295165473852
2.0,1e-06,2.1394422769826127,2.077659515213775,0.015445690442209448
2.0,1e-06,0.913423625482281,0.7770652577693065,0.03408959192824362
2.0,1e-06,2.53819687637454,2.3792832699244206,0.039728401612529884
2.0,1e-06,1.1730410338049833,1.020842204083411,0.03804970743039304
2.0,1e-06,1.4024269015925785,1.8880075656774644,0.3641854980636644
2.0,1e-06,1.6214826583153634,1.6257639306608191,0.0032109542590917917
2.0,1e-06,0.7382964083199646,0.5103246830379894,0.056992931320493795
2.0,1e-06,1.817408448057746,2.057166738785139,0.17981871804554472
2.0,1e-06,0.7209332624194076,0.463093364596426,0.06445997445574539
2.0,1e-06,1.7116960662818883,1.7699456163392175,0.04368716254299693
2.0,1e-06,1.9705093216199545,1.9225275852103991,0.011995434102388847
2.0,1e-06,1.0537706419782147,1.2402093116290962,0.13982900223816114
2.0,1e-06,2.2449482790110737,2.3150475161381614,0.05257442784531574
2.0,1e-06,2.7122380770079193,2.756530340985613,0.03321919798327011
2.0,1e-06,0.990382998285515,0.5370544919828949,0.11333212657565503
2.0,1e-06,1.2409836052612473,1.2994307568765342,0.04383536371146518
2.0,1e-06,2.298445693844365,2.428296177717709,0.0973878629050079
2.0,1e-06,1.0253315139321284,0.8515702876992386,0.04344030655822245
2.0,1e-06,2.156360812274345,2.402999313712177,0.18497887607837404
2.0,1e-06,1.3476926481436227,1.2882000487934773,0.014873149837536348
2.0,1e-06,1.0726430169536076,0.6798245559346386,0.09820461525474225
2.0,1e-06,1.137571252409753,1.0262450312150244,0.027831555298682142
2.0,1e-06,1.3062037406158389,1.3896393970717082,0.06257674234190203
2.0,1e-06,1.3281881018311186,1.2680352314125172,0.01503821760465035
2.0,1e-06,0.8027037564316046,0.978602954600564,0.13192439862671954
2.0,1e-06,1.6111744487098871,1.5457749620628705,0.016349871661754167
2.0,1e-06,1.73820040320442,1.638557065905899,0.02491083432463026
2.0,1e-06,1.3650578226474188,1.462677866801963,0.07321503311590821
2.0,1e-06,1.4545827918343264,1.5673605090587943,0.08458328791835096
2.0,1e-06,1.1108910519024917,1.0899142490570743,0.005244200711354341
2.0,1e-06,2.300218872423865,2.5044655063152397,0.15318497541853116
2.0,1e-06,1.5010362687368684,1.7274859189115497,0.169837237631011
2.0,1e-06,1.9808314586474163,1.9238598943784864,0.014242891067232477
2.0,1e-06,0.6413424360724296,0.9606292234844636,0.23946509055902548
2.0,1e-06,0.8204809522114385,0.6822721639447227,0.03455219706667895
2.0,1e-06,1.6201767867515695,1.5672810894725997,0.013223924319742453
2.0,1e-06,1.0978329255641732,0.949750548876004,0.037020594172042315
2.0,1e-06,1.5652278081530238,1.1646637668263904,0.10014101033165834
2.0,1e-06,1.6741706244316124,1.5849795149631798,0.02229777736710814
2.0,1e-06,1.3542219311276895,1.917535275698457,0.42248500842807557
2.0,1e-06,1.3553284896697253,1.1956557249464037,0.0399181911808304
2.0,1e-06,0.7681667539168124,0.7866966367417948,0.013897412118736768
2.0,1e-06,1.715627324796822,1.712425011811146,0.0008005782464189926
2.0,1e-06,1.0746773136753127,0.837935791080724,0.05918538064864717
2.0,1e-06,1.5315490029841072,1.5956820274620522,0.04809976835845875
2.0,1e-06,0.8690033253516685,0.6735915384515783,0.04885294672502255
2.0,1e-06,1.3643612500811084,1.514136094721059,0.11233113347996287
2.0,1e-06,2.241442792992375,2.2799832448961244,0.028905338927811997
2.0,1e-06,1.2130524432796062,1.0214706874625166,0.047895438954272396
2.0,1e-06,1.159427782997522,1.159562854075277,0.00010130330831625844
2.0,1e-06,1.5969451617571746,1.5164054224889392,0.020134934817058858
2.0,1e-06,1.4718089225100677,1.4671965737982495,0.001153087177954537
2.0,1e-06,1.1602312167014155,1.569190006535341,0.30671909237544415
2.0,1e-06,1.1732901026497107,1.1178858611003228,0.013851060387346958
2.0,1e-06,2.364647488546817,1.8541697546735252,0.12761943346832294
2.0,1e-06,0.8515775386509095,0.8368510748386702,0.0036816159530598247
2.0,1e-06,2.5611552374329554,2.1358174701461703,0.10633444182169627
2.0,1e-06,2.3785193392112616,2.357687264931558,0.005208018569925921
2.0,1e-06,2.2303676778838506,1.969916398232845,0.06511281991275142
2.0,1e-06,2.472962315903022,2.300711747498989,0.043062642101008186
2.0,1e-06,1.491468346632848,1.720670172958105,0.17190136974394282
2.0,1e-06,1.8823907558800297,1.423037672799695,0.11483827077008368
2.0,1e-06,1.4929068583751643,1.6739672265235688,0.13579527611130332
2.0,1e-06,1.7192589997376952,1.728993104833816,0.00730057882209062
2.0,1e-06,1.4177428571457273,1.0354173960962898,0.09558136526235939
2.0,1e-06,1.2223067236112648,1.2081454214242242,0.003540325546760148
2.0,1e-06,1.1436835601466626,1.0541340898317686,0.022387367578723505
2.0,1e-06,1.2005651139628153,0.8806436477079135,0.07998036656372545
2.0,1e-06,1.7775782038800152,1.424237670321869,0.08833513338953652
2.0,1e-06,1.4640469152429016,1.1404652082088227,0.08089542675851974
2.0,1e-06,1.2882794500742403,1.2643018426776378,0.005994401849150621
2.0,1e-06,2.279421157151523,1.9728855022088936,0.07663391373565737
2.0,1e-06,0.865501314964046,0.7305589559046697,0.03373558976484409
2.0,1e-06,1.6840404645409812,1.6140588829976907,0.01749539538582262
2.0,1e-06,1.0056824999534157,1.0571297865035674,0.03858546491261372
2.0,1e-06,1.8972870825123849,1.5118361922895918,0.09636272255569828
2.0,1e-06,1.1055903579080155,0.8201407635089498,0.07136239859976642
2.0,1e-06,2.0415644318382116,1.920726084460147,0.030209586844516134
2.0,1e-06,1.0194824611663673,0.5155459188471477,0.1259841355798049
2.0,1e-06,1.194594824967746,1.0773423814751564,0.02931311087314742
2.0,1e-06,1.5945820270261724,1.5936664873208208,0.00022888492633788005
2.0,1e-06,2.285670553237865,2.1518507200786035,0.03345495828981537
2.0,1e-06,2.407856337417684,2.2010445731661403,0.051702941062885865
2.0,1e-06,2.291068192206554,2.1610875658906865,0.032495156578966844
2.0,1e-06,1.0728303903099086,1.1186056128738004,0.03433141692291891
2.0,1e-06,1.232720769558668,0.9222959958151076,0.07760619343589009
2.0,1e-06,1.0008772126080743,0.796304076873952,0.05114328393353057
2.0,1e-06,1.0112342411089177,0.6628352414086405,0.0870997499250693
2.0,1e-06,1.816834191013756,1.3304407927871915,0.12159834955664112
2.0,1e-06,1.4478925362799977,1.5297054997092676,0.061359722571952435
2.0,1e-06,2.0998667980641548,2.4070116324932327,0.23035862582180844
2.0,1e-06,2.1006645645218507,1.951637275793741,0.037256822182027416
2.0,1e-06,2.2023001271150404,2.383099432758897,0.13559947923289228
2.0,1e-06,1.1699087849875625,1.399724515877597,0.17236179816752595
2.0,1e-06,2.0184606698540577,2.1919292757060256,0.1301014543889759
2.0,1e-06,1.9049991628952583,1.6982675977031183,0.051682891298034994
2.0,1e-06,2.309320176865689,2.6762421689588636,0.2751914940698811
2.0,1e-06,2.0374886768195664,1.6841810915080808,0.08832689632787138
2.0,1e-06,3.161765606326699,3.0308459325747856,0.032729918437978345
2.0,1e-06,1.2794281943157628,1.4199228680351186,0.10537100528951682
2.0,1e-06,1.451584674001202,1.0907604584879187,0.09020605387832081
2.0,1e-06,1.3747110491353798,0.95220219549413,0.10562721341031245
2.0,1e-06,1.5068887339635353,1.8939623830243,0.2903052367955735
2.0,1e-06,1.4377011354433336,1.3335124392719808,0.026047174042838184
2.0,1e-06,1.6658978126750714,1.650403518378737,0.003873573574083633
2.0,1e-06,2.676202985720172,2.269059215310484,0.10178594260242202
2.0,1e-06,2.860171384712288,2.8698701397420763,0.007274066272341173
2.0,1e-06,1.583027219609944,1.2618045705984606,0.08030566225287084
2.0,1e-06,1.5068888276683001,1.146680978875204,0.09005196219827405
2.0,1e-06,1.7909653541955919,1.470323571462187,0.08016044568335123
2.0,1e-06,1.186602031149766,1.3768616444000847,0.14269470993773903
2.0,1e-06,2.5958129862804595,2.7714997606529908,0.1317650807793984
2.0,1e-06,1.877185442404783,1.4438238691336571,0.10834039331778145
2.0,1e-06,1.867552556096447,1.4884244147444088,0.09478203533800955
2.0,1e-06,2.2170828731106385,2.3019332434456845,0.06363777775128454
2.0,1e-06,1.795055863825052,2.02671228299395,0.17374231437667342
2.0,1e-06,1.5635213538441768,1.3769050411303525,0.04665407817845607
2.0,1e-06,1.0996725089082222,1.1105703127879945,0.008173352909829179
2.0,1e-06,1.1876267870044988,1.4057216603864882,0.16357115503649206
2.0,1e-06,2.0783454530141254,1.9432854046170471,0.033765012099269576
2.0,1e-06,1.1735079687683196,0.8648102733690116,0.077174423849827
2.0,1e-06,0.8158118709044704,0.729321346035712,0.021622631217189603
2.0,1e-06,1.6948885750881182,1.6345483870693402,0.015085047004694485
2.0,1e-06,0.94524814851221,1.028856551937297,0.06270630256881526
2.0,1e-06,1.395081018803662,1.2510488263243869,0.03600804811981878
2.0,1e-06,1.076295336608398,0.8045502904540311,0.06793626153859172
2.0,1e-06,1.8399241831273327,1.3513706490637851,0.1221383835158869
2.0,1e-06,1.1347449560918506,1.1358577080107544,0.000834563939177857
2.0,1e-06,1.0579237650406643,1.2442435384619888,0.13973983006599333
2.0,1e-06,0.6925686635873891,0.8340839110785161,0.10613643561834524
2.0,1e-06,1.3769179104110325,1.2565253688859814,0.03009813538126277
2.0,1e-06,1.6119027819701177,1.230974203012627,0.09523214473937269
2.0,1e-06,1.2055522676129673,1.146065323162349,0.014871736112654577
2.0,1e-06,1.2757266257643707,0.907243728971712,0.09212072419816467
2.0,1e-06,1.4177634478524954,1.5442305472431233,0.09485032454297088
2.0,1e-06,2.015953874850763,2.0882745340406803,0.05424049439243794
2.0,1e-06,1.0057455145637473,0.9546506291207112,0.012773721360759022
2.0,1e-06,1.7082400639653397,1.900202518778532,0.1439718411098943
2.0,1e-06,1.3710174235906099,1.0331153368628097,0.08447552168195005
2.0,1e-06,0.6658029622704564,0.5203903251540678,0.03635315927909716
2.0,1e-06,1.0303590934924767,1.194174406508775,0.1228614847622237
2.0,1e-06,1.1073774089247213,0.7832866866946311,0.08102268055752254
2.0,1e-06,1.6513120739942302,1.390210309996704,0.06527544099938154
2.0,1e-06,1.6220664856340576,1.599054750523409,0.0057529337776621725
2.0,1e-06,0.6970839543478835,0.5262949455645219,0.04269725219584039
2.0,1e-06,1.352576140024082,0.7708321612756931,0.14543599468709725
2.0,1e-06,0.7791835545846642,0.4731791126119238,0.07650111049318509
2.0,1e-06,1.8197577435475925,1.509638569565776,0.07752979349545414
2.0,1e-06,0.788868178848503,0.94215559022034,0.11496555852887774
2.0,1e-06,2.262487698779922,2.3213441207955063,0.04414231651168821
2.0,1e-06,1.2225718490486823,0.5904085877396266,0.15804081532726394
2.0,1e-06,1.6729299176759032,1.881820413357184,0.1566678717609607
2.0,1e-06,2.886299216552379,2.935125074144804,0.03661939319431873
2.0,1e-06,1.4884399182278667,1.397267156774726,0.0227931903632852
2.0,1e-06,1.1528553158188082,1.179934930518021,0.020309711024409538
2.0,1e-06,2.134081381190282,2.0917037005975825,0.01059442014817491
2.0,1e-06,1.2157207367747525,1.7769010207497862,0.4208852129812753
2.0,1e-06,1.9782718775556187,1.818571350284511,0.03992513181777696
2.0,1e-06,1.1300543767827769,1.1117426088884086,0.00457794197359207
2.0,1e-06,1.8912245344734098,1.6457725554189504,0.06136299476361484
2.0,1e-06,1.7208348918437206,1.923846199034233,0.1522584803928843
2.0,1e-06,1.6326205037677255,1.2693479746163971,0.09081813228783209
2.0,1e-06,1.1752012765675968,1.0744523644059067,0.025187228040422505
2.0,1e-06,1.6148505824437276,1.2750590860019886,0.08494787411043475
2.0,1e-06,0.9447165834225562,0.6717865500724747,0.06823250833752037
2.0,1e-06,2.74510732083915,2.925416150841839,0.1352316225020167
2.0,1e-06,1.2716937186550563,1.3628056010791971,0.06833391181810561
2.0,1e-06,1.6406737892005303,1.5144080796743218,0.03156642738155213
2.0,1e-06,1.3744090235108768,1.138160005387961,0.05906225453072894
2.0,1e-06,1.3264412607742972,1.2799330929207686,0.011627041963382156
2.0,1e-06,1.1159563041335439,0.8091605900834373,0.07669892851252663
2.0,1e-06,2.250073777453684,2.409485914376457,0.11955910269207959
2.0,1e-06,1.2832751932160846,1.7403367183976268,0.34279614388615665
2.0,1e-06,1.6484477406200444,1.8113287558847988,0.1221607614485658
2.0,1e-06,1.2067505942946788,0.8772006810343571,0.08238747831508042
2.0,1e-06,0.9478855865414175,1.044256766848887,0.07227838523060204
2.0,1e-06,0.7728728061854326,0.7177293280113376,0.01378586954352376
2.0,1e-06,0.6391135093076574,0.6540510444086061,0.01120315132571148
2.0,1e-06,0.9110250010649814,0.8826451804844706,0.0070949551451277015
2.0,1e-06,1.5044476416446209,1.1759931611066787,0.08211362013448553
2.0,1e-06,1.0517957526997002,0.9494870610636852,0.025577172909003743
2.0,1e-06,1.8645031221391495,2.103751121920986,0.17943599983637748
2.0,1e-06,1.6598708359703664,1.79262494861996,0.0995655844871951
2.0,1e-06,0.7766236115570155,0.5416226823560291,0.05875023230024662
2.0,1e-06,1.562623599179977,1.477220135050928,0.021350866032262272
2.0,1e-06,2.2164160724222954,1.9202042694710977,0.07405295073779944
2.0,1e-06,0.9976674716478975,0.5404191542869498,0.11431207934023693
2.0,1e-06,1.4206708919043312,1.3596875114284013,0.01524584511898247
2.0,1e-06,1.8153664320357858,1.618281329062895,0.04927127574322271
2.0,1e-06,0.6954112597237785,0.6197029702850652,0.018927072359678332
2.0,1e-06,1.2941845538733645,1.449266142999737,0.11631119184477945
2.0,1e-06,2.330528937759577,2.493251225278647,0.12204171563930277
2.0,1e-06,1.1266048504757844,1.5189344994805836,0.2942472367535994
2.0,1e-06,0.8374040558212315,0.8345737124622519,0.0007075858397448953
2.0,1e-06,1.7331376442543682,1.7397852723134306,0.004985721044296787
2.0,1e-06,1.581249876626389,1.621000465205729,0.02981294143450508
2.0,1e-06,3.1082183812093085,3.241141913351521,0.09969264910665931
2.0,1e-06,2.4585859593917947,2.338872983445275,0.029928243986629965
2.0,1e-06,1.9561564223672008,2.2775215176048453,0.24102382142823342
2.0,1e-06,1.4330404957362113,1.14627937493871,0.07169028019937534
2.0,1e-06,1.7317203617735135,1.7254006784554186,0.00157992082952374
2.0,1e-06,0.6071711749206035,0.3682894475247739,0.059720431848957395
2.0,1e-06,2.5661789028560804,2.178943342932241,0.09680888998095982
2.0,1e-06,1.9611424858980788,1.8978596062090096,0.0158207199222673
2.0,1e-06,0.9422520969986969,0.4844825446680848,0.11444238808265303
2.0,1e-06,2.6891742120990276,2.886864719425598,0.14826788049492767
2.0,1e-06,2.691759161926628,3.045802229688739,0.2655323008215832
2.0,1e-06,1.8302053133488512,2.0663407261286064,0.17710155958481644
2.0,1e-06,0.9005210462384969,0.9650622929824598,0.048405935057972166
2.0,1e-06,2.0582350322830507,1.6705721189924403,0.0969157283226526
2.0,1e-06,2.7403042043827215,2.4286405606550536,0.07791591093191697
2.0,1e-06,1.7121281502470875,1.2070702498900785,0.12626447508925226
2.0,1e-06,0.7714502529114249,0.9033950910855042,0.09895862863055949
2.0,1e-06,1.7764132673404927,1.6417398174581606,0.033668362470583024
2.0,1e-06,1.5408197968005695,1.9038835322672285,0.2722978015999943
2.0,1e-06,1.2526696585302197,0.9063619535055036,0.08657692625617902
2.0,1e-06,1.8115921365237284,1.4781288944542388,0.08336581051737241
2.0,1e-06,2.051391238267195,1.8520458924756849,0.04983633644787755
2.0,1e-06,2.2080797968823846,1.9444945364177793,0.06589631511615135
2.0,1e-06,1.184209300050922,0.9304934778504036,0.06342895555012959
2.0,1e-06,1.0559589317074387,1.1977175297177087,0.10631894850770252
2.0,1e-06,1.2821917876583182,1.524445619697954,0.18169037402972676
2.0,1e-06,1.675138922469003,1.5524007140966147,0.03068455209309706
2.0,1e-06,1.3673716611525695,1.2192133553506386,0.037039576450482725
2.0,1e-06,1.763270905106399,1.5684748532363797,0.04869901296750484
2.0,1e-06,0.9658085066294841,0.3533133398147721,0.153123791703678
2.0,1e-06,1.9906217839652314,1.5323160977037515,0.11457642156536996
2.0,1e-06,1.5615914353617057,1.643637247977981,0.06153435946220648
2.0,1e-06,2.1611823852532037,2.3295632100665427,0.1262856186100042
2.0,1e-06,1.4989820772658824,0.9691208574133664,0.132465304963129
2.0,1e-06,2.0815870856150243,2.030740163454787,0.012711730540059363
2.0,1e-06,0.7900769096484375,0.894264895346963,0.07814098927389412
2.0,1e-06,1.1855722875497943,0.9676101502358252,0.05449053432849227
2.0,1e-06,2.0526109696093844,1.780399002590126,0.0680529917548146
2.0,1e-06,1.1742196756470342,1.063967260795334,0.02756310371292503
2.0,1e-06,1.7840657418343788,1.706848592016844,0.01930428745438373
2.0,1e-06,0.7510573290918074,0.6344556267830446,0.02915042557719072
2.0,1e-06,2.5289361428936026,2.211602063750557,0.07933351978576142
2.0,1e-06,1.2584604271318227,1.0737258838933523,0.046183635809617596
2.0,1e-06,1.9976305452418206,1.523725384252256,0.11847629024739115
2.0,1e-06,0.8913202182660473,0.9600254093466106,0.05152889331042246
2.0,1e-06,0.9017360850767631,1.1026338821850143,0.15067334783118846
2.0,1e-06,1.9945106859270156,2.0415390549430614,0.03527127676203434
2.0,1e-06,1.2761310404910802,1.3630508953635565,0.06518989115435725
2.0,1e-06,0.8969007319541618,0.5372918408621947,0.08990222277299176
2.0,1e-06,1.301544255017495,1.006911510416365,0.07365818615028247
2.0,1e-06,1.0761409729069715,1.368735034607332,0.2194455462752703
2.0,1e-06,1.4792220174746529,1.024566094035815,0.11366398085970947
2.0,1e-06,1.4129157217575568,1.6497866171534292,0.17765317154690435
2.0,1e-06,1.6905973398424141,1.8496998854226063,0.11932690918514416
2.0,1e-06,1.2218953468255886,1.5520963788614963,0.24765077402693075
2.0,1e-06,1.505792407442419,1.690551892761441,0.13856961398926648
2.0,1e-06,1.876432009710526,1.986824842070984,0.08279462427034345
2.0,1e-06,1.0302640553490523,0.7406867515817022,0.07239432594183753
2.0,1e-06,0.9304286786537155,0.796345615895314,0.03352076568960036
2.0,1e-06,0.9672677979440198,0.7888566900585059,0.04460277697137849
2.0,1e-06,1.636388444444977,1.6415851621383173,0.0038975382700052186
2.0,1e-06,0.8136094386925432,1.0896296735689728,0.20701517615732218
2.0,1e-06,1.0453907402000215,1.0282828434319955,0.004276974192006511
2.0,1e-06,0.8922764898925362,0.4636514352953629,0.10715626364929332
2.0,1e-06,1.4810329447159152,1.4236134767341708,0.014354866995436089
2.0,1e-06,1.6161627568303025,1.5833663846726505,0.008199093039413019
2.0,1e-06,1.5651405539829337,1.2654272634812649,0.07492832262541721
2.0,1e-06,1.2247568103856157,1.2186238968845633,0.001533228375263096
2.0,1e-06,0.9756124998437592,1.332747753306489,0.2678514400970474
2.0,1e-06,2.932730162838694,2.6001039567184803,0.08315655153005341
2.0,1e-06,1.1370325972197932,0.922014929184082,0.0537544170089278
2.0,1e-06,1.8537894672070543,1.4043538000685407,0.1123589167846284
2.0,1e-06,0.7521950120190564,0.3357081376142767,0.10412171860119492
2.0,1e-06,1.2452038493469626,1.0518780558720318,0.04833144836873271
2.0,1e-06,1.6786456859865346,1.635165175818988,0.010870127541886654
2.0,1e-06,0.688905305490394,1.184014201685365,0.37133167214622825
2.0,1e-06,1.0835970335699159,0.8925638279631305,0.047758301401696346
2.0,1e-06,0.993592675767573,1.2440463931195265,0.18784028801396507
2.0,1e-06,2.3521066320956168,2.8497987596575634,0.37326909567145994
2.0,1e-06,1.0105339392503936,1.0050504840821683,0.0013708637920563094
2.0,1e-06,0.981613014525033,1.1484209100826652,0.12510592166822415
2.0,1e-06,2.2800946177613666,2.571347030538764,0.2184393095830479
2.0,1e-06,1.118638375855907,1.044108679653695,0.018632424050553043
2.0,1e-06,1.0437771563304015,1.0341640079499357,0.0024032870951164464
2.0,1e-06,1.7368303754130743,1.6342803458608066,0.025637507388066916
2.0,1e-06,0.8773499146598738,0.949975423058644,0.05446913129907768
2.0,1e-06,1.8276400923901939,1.7541168602547528,0.018380808033860274
2.0,1e-06,1.384023272511687,0.9809352111469576,0.10077201534118235
2.0,1e-06,1.2911399831102361,1.708696597962359,0.3131674611390921
2.0,1e-06,3.24006230630337,3.0964999837462903,0.035890580639269976
2.0,1e-06,0.8315380122288794,1.031631986626453,0.1500704807981802
2.0,1e-06,1.0599544670579562,0.9663749918868736,0.02339486879277064
2.0,1e-06,1.4329783309885826,1.3266799739069133,0.026574589270417337
2.0,1e-06,1.5524771142333833,1.450816695812975,0.0254151046051021
2.0,1e-06,1.234977883092558,1.3388387663853132,0.07789566246956642
2.0,1e-06,1.016505888493322,0.901913566107446,0.028648080596469006
2.0,1e-06,0.8372357315394936,1.0194388604023932,0.13665234664717468
2.0,1e-06,1.2767871619868174,0.9703398655187482,0.07661182411701731
2.0,1e-06,0.7062869752159315,0.8994454992143617,0.1448688929988226
2.0,1e-06,1.629956695678402,1.3870102810375349,0.06073660366021677
2.0,1e-06,1.12786968687481,0.7681801187821929,0.08992239202315425
2.0,1e-06,1.2794777820544994,1.2891157747292523,0.00722849450606472
2.0,1e-06,1.6384352993452094,1.1631943514683838,0.1188102369692064
2.0,1e-06,2.495201970069078,2.484437990018665,0.002690995012603281
2.0,1e-06,1.408353177535819,1.4418180199796802,0.025098631832895957
2.0,1e-06,0.5781257114323903,0.6361954563553686,0.04355230869223367
2.0,1e-06,2.1960791638809143,2.4893203635581105,0.21993089975789715
2.0,1e-06,1.3573187391270505,0.8998002382026703,0.11437962523109504
2.0,1e-06,1.2972561164570102,1.3514869244236811,0.040673105975003176
2.0,1e-06,1.3354920982939955,1.339407419778015,0.0029364911130146387
2.0,1e-06,1.2329760611037557,0.9590661837702974,0.06847746933336457
2.0,1e-06,1.2493593917888361,0.9634368570887748,0.07148063367501534
2.0,1e-06,1.9145779508659837,2.2356094191311273,0.2407736011988577
2.0,1e-06,1.1776289935920623,1.0435452242981405,0.03352094232348046
2.0,1e-06,0.9158295257658491,0.9225503986612326,0.005040654671537609
2.0,1e-06,1.0549279627006243,0.8929766916264532,0.040487817768542766
2.0,1e-06,0.795431169883198,0.5592208334765815,0.05905258410165412
2.0,1e-06,1.4873323066091988,1.3668172317644975,0.030128768711175313
2.0,1e-06,0.6858316826632969,0.9692712839026184,0.21257970092949116
2.0,1e-06,1.3718738517787425,1.0412850360590076,0.08264720392993374
2.0,1e-06,1.1113568602914814,0.9935553608312484,0.02945037486505825
2.0,1e-06,1.0976743890265777,1.4612126011413709,0.2726536590860949
2.0,1e-06,1.2526371457841083,1.0365269699359736,0.054027543962033686
2.0,1e-06,1.4064558911775524,1.4029372580605992,0.0008796582792383045
2.0,1e-06,2.2179690397604706,2.3146086427889063,0.07247970227132683
2.0,1e-06,1.2407113454792071,1.041772855597297,0.04973462247047755
2.0,1e-06,1.7098744857682906,1.530240127464373,0.044908589575979374
2.0,1e-06,1.9517894480859939,1.855536291301516,0.02406328919611944
2.0,1e-06,3.057247645672642,3.5320266084327776,0.3560842220701018
2.0,1e-06,1.3752362104435925,1.5663328013509414,0.14332244318051174
2.0,1e-06,1.3251923794702147,0.8533890548570358,0.11795083115329474
2.0,1e-06,0.8507645380041851,0.7372714159078944,0.028373280524072675
2.0,1e-06,1.3870069559795777,1.6174571927133432,0.17283767755032414
2.0,1e-06,1.4439141656976027,1.1308610042986538,0.07826329034973722
2.0,1e-06,1.9227976015731842,1.7707381001385183,0.03801487535866649
2.0,1e-06,1.2605008606950658,1.3023285499451829,0.03137076693758778
2.0,1e-06,1.9709042885896304,2.0202593136217777,0.03701626877411046
2.0,1e-06,0.683295713785661,1.0571396479631423,0.28038295063311097
2.0,1e-06,0.7299702207300456,1.0329292754623425,0.22721929104922267
2.0,1e-06,1.5583796025643828,1.8799843710185744,0.2412035763406437
2.0,1e-06,1.0342868200523156,1.0172223407906809,0.004266119815408698
2.0,1e-06,1.6244595532147414,1.8964740593268672,0.2040108795840943
2.0,1e-06,1.1345806937123992,1.0293671697509124,0.026303380990371716
2.0,1e-06,1.007404766868504,0.6122528565156774,0.09878797758820665
2.0,1e-06,1.4993505651709267,1.1591910294519845,0.08503988392973555
2.0,1e-06,0.7596774496265777,0.7526587435433224,0.0017546765208138193
2.0,1e-06,1.2677746049752425,1.2856903313500117,0.013436794781076844
2.0,1e-06,1.7264844453860526,1.6976472409363947,0.007209301112414468
2.0,1e-06,0.7914867283839957,0.7689943782392905,0.005623087536176297
2.0,1e-06,1.917507502787581,1.7068852850619796,0.05265555443140035
2.0,1e-06,1.244209384212878,1.205850059962164,0.009589831062678522
2.0,1e-06,0.8075150461180396,1.2204389557031148,0.3096929321888064
2.0,1e-06,1.6422132511984202,1.1410241021740224,0.12529728725609945
2.0,1e-06,0.8848523539802251,0.8084104435210565,0.01911047761479215
2.0,1e-06,1.6424903874383272,1.833751551589988,0.14344587311374563
2.0,1e-06,1.4938716139439006,1.4191030940623293,0.018692129970392823
2.0,1e-06,1.110574937213876,1.1213655725504603,0.008092976502438232
2.0,1e-06,2.3452068961686052,2.4765062474791963,0.09847451348294334
2.0,1e-06,1.7165016231429462,1.560480220911499,0.039005350557861806
2.0,1e-06,1.6524499076624064,1.7853136894092367,0.09964783631012275
2.0,1e-06,1.141705784449334,1.2243165142281045,0.06195804733407795
2.0,1e-06,1.1225751176494239,1.10551459044221,0.00426513180180349
2.0,1e-06,0.8836450348830365,0.2017527685555493,0.17047306658187178
2.0,1e-06,3.142362414340176,3.422554596436967,0.21014413657259323
2.0,1e-06,0.8891751013771447,0.9041749316720304,0.011249872721164289
2.0,1e-06,1.7038977748335213,1.4395031245037742,0.0660986625824368
2.0,1e-06,1.1799833743089465,1.4106100009665572,0.17296996999320802
2.0,1e-06,1.5113672033128012,1.507230019713622,0.0010342958997948126
2.0,1e-06,1.972672939534589,1.8821940265296608,0.02261972825123204
2.0,1e-06,2.8681819321348776,2.9192183837312102,0.038277338697249474
2.0,1e-06,1.6048358686700332,1.3938892284742204,0.05273666004895322
2.0,1e-06,1.365750813359572,1.1142700300555566,0.06287019582600384
2.0,1e-06,1.339871484210727,1.1531669737562742,0.04667612761361323
2.0,1e-06,1.0696051992333118,1.1992266270951892,0.0972160708964081
2.0,1e-06,2.1720430678424973,2.102087009423503,0.01748901460474861
2.0,1e-06,1.8970138635306695,2.0821125340120443,0.13882400286103114
2.0,1e-06,1.0904547355688852,1.1271483716652138,0.02752022707224644
2.0,1e-06,1.3552861224357127,1.3901513742327112,0.02614893884774888
2.0,1e-06,1.2870711840821425,0.9914498027114343,0.07390534534267704
2.0,1e-06,1.788143004806372,1.9524699621177652,0.12324521798354493
2.0,1e-06,2.324289008400159,2.352385145596676,0.0210721028973877
2.0,1e-06,1.6890483075669618,1.3337787770622351,0.08881738262618166
2.0,1e-06,2.0312989287375744,2.030585453555382,0.0001783687955481117
2.0,1e-06,1.1841024951517465,0.7224024231739382,0.11542501799445207
2.0,1e-06,0.8345686518696098,0.2133068407194982,0.1553154527875279
2.0,1e-06,1.7845906641808416,1.8780013458524256,0.07005801125368805
2.0,1e-06,1.3585287455857245,1.69273735686463,0.25065645845917917
2.0,1e-06,1.8913522316304352,1.8611071342983732,0.007561274333015511
2.0,1e-06,0.8938522995365545,0.9274801986966584,0.02522092437007792
2.0,1e-06,1.0549118399950927,0.9716111259510068,0.020825178511021475
2.0,1e-06,1.7827635360797736,1.0915557902954691,0.1728019364460761
2.0,1e-06,1.311559745796533,1.3861392966707131,0.05593466315563517
2.0,1e-06,1.0369641751865313,0.94105564946648,0.023977131430012816
2.0,1e-06,0.9892131147482743,0.9855683582300307,0.0009111891295608965
2.0,1e-06,1.0858471284084477,0.791749814584986,0.07352432845586543
2.0,1e-06,2.6588252573031737,2.4856036040734955,0.04330541330741955
2.0,1e-06,1.5807980219534468,1.6357102086502715,0.041184140022618554
2.0,1e-06,1.4932960932661619,1.539258104106853,0.0344715081305183
2.0,1e-06,1.6179205794823677,1.4223754935787458,0.04888627147590546
2.0,1e-06,1.6410096401705658,1.7625565728402384,0.0911601995022544
2.0,1e-06,1.3487938488313276,1.1447288349010074,0.05101625348258004
2.0,1e-06,2.2500764143664194,2.322615364118268,0.05440421231388637
2.0,1e-06,1.1602172250146197,1.460007991619042,0.2248430749533168
2.0,1e-06,0.9267884297376128,0.8943036812128002,0.008121187131203134
2.0,1e-06,2.1893103083314553,2.5138766439591604,0.24342475172077882
2.0,1e-06,0.7972634615324239,0.9305397603019184,0.0999572240771209
2.0,1e-06,1.1922097163518348,1.0766597215506732,0.028887498700290393
2.0,1e-06,1.742437241961584,1.389372643249884,0.08826614967792495
2.0,1e-06,0.8109169573223589,0.80025763625421,0.0026648302670372326
2.0,1e-06,1.811658693229841,2.0347712126271364,0.16733438954797153
2.0,1e-06,0.997697643256469,0.4905725314809107,0.1267812779438896
2.0,1e-06,1.700138160618426,1.5160148309913055,0.04603083240678013
2.0,1e-06,1.8934509769418222,1.5851219966790535,0.07708224506569217
2.0,1e-06,2.1179889536145655,2.1395131673771797,0.016143160321960615
2.0,1e-06,0.7084773465878325,0.2998796665466993,0.10214942001028329
2.0,1e-06,0.8066886446419339,1.0695246203857216,0.19712698180784077
2.0,1e-06,1.827647516159975,1.9843489935576943,0.1175261080482895
2.0,1e-06,2.2800934921438545,2.6528860443767868,0.2795944141746992
2.0,1e-06,2.5017416861055803,2.529685946438604,0.02095819524976783
2.0,1e-06,2.6385959324885384,2.7983294018039975,0.1198001019865943
2.0,1e-06,1.800151978330577,1.6605046085896924,0.03491184243522116
2.0,1e-06,1.02468202862938,0.5542857595406534,0.11759906727218167
2.0,1e-06,2.040963741294627,1.876912229108624,0.04101287804650078
2.0,1e-06,1.274138735569137,0.9574044246818652,0.07918357772181794
2.0,1e-06,1.6895115045346003,1.6193257625740127,0.017546435490146894
2.0,1e-06,2.125811478709884,1.788040736256327,0.08444268561338919
2.0,1e-06,1.8127577482890267,1.8508558811893283,0.028573599675226213
2.0,1e-06,0.9102958929745313,0.7173947264549421,0.048225291629897304
2.0,1e-06,1.9517064119628227,1.132822561563284,0.20472096259988465
2.0,1e-06,1.5710555573900393,1.7814707734762234,0.15781141206463806
2.0,1e-06,1.1314781527500344,1.0210388089450306,0.02760983595125094
2.0,1e-06,1.586312074394698,1.072141502770792,0.1285426429059765
2.0,1e-06,1.7449430591547141,1.7513440711363466,0.0048007589862243405
2.0,1e-06,1.1938010392933815,1.3161261432652325,0.09174382797888819
2.0,1e-06,1.0602160574679136,0.8177980572640099,0.060604500050975924
2.0,1e-06,0.8475751140729102,0.3960816843001006,0.1128733574432024
2.0,1e-06,1.34381484323473,1.12657146350285,0.054310844932970004
2.0,1e-06,1.7510547916095351,1.3355116111860448,0.10388579510587259
2.0,1e-06,2.6662086511562837,2.67135249579561,0.0038578834794947836
2.0,1e-06,0.7657806846092186,0.5253437316942311,0.060109238228746864
2.0,1e-06,1.266109098920877,1.0813886832386626,0.046180103920553606
2.0,1e-06,3.343581317377545,3.653623663905298,0.23253175989581465
2.0,1e-06,2.2605483384134493,2.404975600991621,0.10832044693362897
2.0,1e-06,1.6600931613269214,1.973515342947308,0.23506663621528995
2.0,1e-06,2.5812107549314955,2.6168199414941946,0.0267068899220243
2.0,1e-06,1.9379972102167793,1.7872226776239843,0.037693633148198735
2.0,1e-06,1.8995495749976792,2.1219528988576393,0.16680249289497007
2.0,1e-06,1.6415957569858435,1.2413719546091082,0.10005595059418382
2.0,1e-06,1.6914997743449884,1.3736896455741272,0.07945253219271531
2.0,1e-06,0.9286803719637611,0.8735216199691778,0.013789687998645828
2.0,1e-06,0.9576660543033331,1.2908475839640363,0.24988614724552743
2.0,1e-06,1.5388184835771792,1.3590446643583602,0.04494345480470474
2.0,1e-06,1.869603506015868,1.695491802651251,0.043527925841154225
2.0,1e-06,2.639205700213374,2.731083870442059,0.06890862767151362
2.0,1e-06,1.8356854332580008,2.151374316751276,0.23676666261995638
2.0,1e-06,0.9176046506060764,0.6991846598553345,0.05460499768768548
2.0,1e-06,2.0460652143300715,1.8327028146057256,0.053340599931086474
2.0,1e-06,2.2559156656201935,1.970665600533996,0.07131251627154939
2.0,1e-06,1.737577477968177,1.8022945162735056,0.04853777872899645
2.0,1e-06,1.095627190693083,0.8436762465333795,0.06298773603992588
2.0,1e-06,2.221720850417139,2.0744078623842066,0.03682824700823306
2.0,1e-06,1.441391493570384,1.4371235216028513,0.0010669929918831755
2.0,1e-06,1.0437604999835486,0.7158763768469903,0.08197103078413956
2.0,1e-06,0.7490642728447074,0.8163198205679558,0.05044166079243628
2.0,1e-06,1.0227395433350353,0.6842812028396676,0.0846145851238419
2.0,1e-06,0.712133366656575,0.8023625951832298,0.06767192139499112
2.0,1e-06,1.383771056778416,1.3155740801587763,0.017049244154909937
2.0,1e-06,1.4689409187114943,1.6343084256813654,0.12402563022740326
2.0,1e-06,1.3583827743983417,1.3781303075459213,0.0148106498606847
2.0,1e-06,1.0647174469296825,0.7419392117220407,0.08069455880191045
2.0,1e-06,1.6863016901855286,1.4745346607471506,0.0529417573595945
2.0,1e-06,1.7696811160790897,2.002019812459172,0.17425402228506182
2.0,1e-06,1.6523551783235213,1.511353737347651,0.03525036024396755
2.0,1e-06,1.3025815526722795,1.2659005118172466,0.009170260213758219
2.0,1e-06,1.7386791982171683,1.6131296809499505,0.031387379316804465
2.0,1e-06,1.8321993373867205,1.0158641220334044,0.20408380383832903
2.0,1e-06,3.2875915061849987,3.2547498636164134,0.008210410642146337
2.0,1e-06,0.8314847456447421,0.9565642059335976,0.09380959521664164
2.0,1e-06,0.678737573869542,0.8725271571856639,0.14534218748709138
2.0,1e-06,1.486758780242166,1.4047962953021886,0.020490621234994344
2.0,1e-06,0.7759056496951935,0.5409043170329328,0.05875033316556516
2.0,1e-06,0.9619319278590108,0.6294543043042664,0.0831194058886861
2.0,1e-06,1.4452022251435963,1.463217252685025,0.013511270656071439
2.0,1e-06,0.9265189988092306,1.015504766854843,0.06673932603420923
2.0,1e-06,1.6994687936772248,2.0578265034711967,0.2687682823454789
2.0,1e-06,1.8566719254836022,2.089237660757458,0.17442430145539178
2.0,1e-06,0.7444039099478346,0.6553228550671799,0.022270263720163663
2.0,1e-06,1.520700062435564,1.5872661754636006,0.04992458477102746
2.0,1e-06,1.2924256380778303,1.5225411902690489,0.17258666414341395
2.0,1e-06,2.299759065763257,2.3966657825660223,0.07268003760207398
2.0,1e-06,1.9885837607643921,1.9877986491096735,0.00019627791367965441
2.0,1e-06,2.5760271370522903,2.5479795835072454,0.007011888386261211
2.0,1e-06,0.691974457989252,0.6135305531055713,0.019610976220920173
2.0,1e-06,1.4458402661611878,1.4104686750288469,0.008842897783085224
2.0,1e-06,1.669927638084765,1.8214602225991772,0.11364943838580915
2.0,1e-06,0.7317804073071308,0.284165391049868,0.1119037540643157
2.0,1e-06,1.0822859734464085,0.9399612157615354,0.035581189421218296
2.0,1e-06,0.9083222323407458,1.296462558858573,0.29110524488837036
2.0,1e-06,1.650215922110604,1.5233430657153186,0.03171821409882136
2.0,1e-06,1.785503723586654,1.8242539747135704,0.029062688345187326
2.0,1e-06,1.730902857851392,1.8339966096392144,0.07732031384086674
2.0,1e-06,1.4042577389542998,1.258489425883506,0.03644207826769846
2.0,1e-06,2.1804366054155873,1.9554030672347056,0.05625838454522042
2.0,1e-06,1.5845731786755781,1.372537467953758,0.05300892768045501
2.0,1e-06,1.8414358803294686,2.2868230914483236,0.3340404083391413
2.0,1e-06,1.095571680619047,1.067173871139781,0.007099452369816517
2.0,1e-06,1.738419680197529,1.3237078762182108,0.10367795099482952
2.0,1e-06,2.0829239104485033,1.8935350645100557,0.047347211484611906
2.0,1e-06,2.637315626774713,2.3456831931215314,0.07290810841329542
2.0,1e-06,0.7681335262975946,0.5284533150056799,0.05992005282297866
2.0,1e-06,0.8417582218014168,1.002949096992737,0.12089315639349019
2.0,1e-06,1.0876316276299747,0.7343080409698574,0.08833089666502933
2.0,1e-06,0.9789067035991614,1.2284063679321064,0.18712474824970876
2.0,1e-06,0.8473731224925007,0.9428574840890503,0.0716132711974122
2.0,1e-06,0.7154826632449343,0.4121405927401306,0.07583551762620092
2.0,1e-06,1.122208340261686,0.9345202593996118,0.046922020215518556
2.0,1e-06,1.3865455661886799,1.436471321955767,0.03744431682531535
2.0,1e-06,0.9470870044157031,1.0312111342576724,0.06309309738147695
2.0,1e-06,2.017508253028587,1.7656276305158871,0.06297015562817493
2.0,1e-06,1.1871925694857381,1.2797317380009543,0.06940437638641211
2.0,1e-06,1.5443119575877464,0.8952993833596506,0.16225314355702394
2.0,1e-06,1.3786650073033293,1.517531375317939,0.1041497760109572
2.0,1e-06,1.9326970488687776,1.7754835726628926,0.03930336905147125
2.0,1e-06,1.2402898309002843,1.2336927907033146,0.0016492600492424292
2.0,1e-06,1.746554086094612,1.6469248140495183,0.024907318011273438
2.0,1e-06,1.9614645996209763,1.973216765702156,0.008814124560884762
2.0,1e-06,1.0964655276704178,1.1310297292253049,0.02592315116616528
2.0,1e-06,1.383215527332455,1.2627568256560546,0.030114675419100068
2.0,1e-06,0.9433109173307539,1.220752353198053,0.2080810769004744
2.0,1e-06,1.607435258251245,1.318462083054966,0.07224329379906974
2.0,1e-06,1.1941389852496815,1.077264144802869,0.029218710111703128
2.0,1e-06,1.3541676702780663,1.4060484520438743,0.03891058632435601
2.0,1e-06,1.0106158330489556,0.737303951075464,0.06832797049337291
2.0,1e-06,2.88774454686666,2.522979157114327,0.09119134743808321
2.0,1e-06,1.3406812384962095,1.122781173921128,0.05447501614377037
2.0,1e-06,2.040132539977906,2.0441581696440454,0.003019222249604714
2.0,1e-06,1.5972201670981434,1.1697942917285638,0.10685646884239491
2.0,1e-06,0.8151604654164082,0.7013317711255636,0.02845717357271116
2.0,1e-06,2.9545469594014317,3.061647140302087,0.08032513567549149
2.0,1e-06,2.645575966674289,2.389892317104795,0.06392091239237352
2.0,1e-06,1.7992573497510485,2.0323377074144795,0.17481026824757329
2.0,1e-06,1.6902947501435346,1.2481941467408066,0.11052515085068199
2.0,1e-06,1.8086126048790998,1.583822114050656,0.05619762270711093
2.0,1e-06,0.7889134623545822,0.9378596877219716,0.11170966902554208
2.0,1e-06,1.3351053882505948,0.9943385826582178,0.08519170139809423
2.0,1e-06,2.4474808091923226,1.9201398995287395,0.13183522741589576
2.0,1e-06,1.5918175101130672,1.339322845458506,0.06312366616364029
2.0,1e-06,0.7649853538981848,0.5000226369047647,0.06624067924835503
2.0,1e-06,1.7703413153096044,1.7224537043159922,0.01197190274840304
2.0,1e-06,1.6195904353559012,1.6528463977188286,0.024941971772195537
2.0,1e-06,1.350321281536818,1.2130934324687872,0.03430696226700769
2.0,1e-06,1.2141632125214912,1.484888318761606,0.2030438296800861
2.0,1e-06,1.4085942572609689,1.3693674039034611,0.009806713339376938
2.0,1e-06,1.007389797800844,0.7538624855865342,0.06338182805357742
2.0,1e-06,1.235847516399927,1.933290835828621,0.5230824895715205
2.0,1e-06,1.9603914545147685,1.8945415737604103,0.01646247018858954
2.0,1e-06,1.0114261719628708,0.670444233015269,0.08524548473690044
2.0,1e-06,1.8199781259896604,1.924229762128884,0.07818872710441771
2.0,1e-06,1.585410568805738,1.8862105470362855,0.22559998367291062
2.0,1e-06,0.9893649415535517,0.5482580597787494,0.11027672044370057
2.0,1e-06,1.5930343745589415,1.1852986778448351,0.10193392417852659
2.0,1e-06,1.2761151354341038,0.7687989292804983,0.12682905153840138
2.0,1e-06,0.9585507771017827,0.3924418070645215,0.1415272425093153
2.0,1e-06,0.7280235339830767,1.103215890809056,0.2813942676194844
2.0,1e-06,1.8642404846243625,1.6498265743248108,0.053603477574887926
2.0,1e-06,1.435532134311897,1.3614891119648656,0.018510755586757854
2.0,1e-06,1.1904616478056447,0.8949249785856837,0.07388416730499026
2.0,1e-06,1.5588409772618927,1.896277641145053,0.2530774979123702
2.0,1e-06,1.5816333119232038,1.5597953918055274,0.005459480029419095
2.0,1e-06,1.444882413430717,1.4085263510128383,0.009089015604469675
2.0,1e-06,1.5096685075674579,1.576132744235166,0.04984817750078113
2.0,1e-06,1.963876103466644,1.7723338478303208,0.04788556390908083
2.0,1e-06,1.422198707350855,1.5007264419508686,0.058895800950010124
2.0,1e-06,2.05825353657802,1.894555888971439,0.04092441190164525
2.0,1e-06,1.2643844474742263,0.844739990363406,0.10491111427770508
2.0,1e-06,2.647235324954326,2.372586542824414,0.06866219553247799
2.0,1e-06,1.1865428867496934,1.1350683440937148,0.012868635663994654
2.0,1e-06,3.0759559791616873,3.28407670157472,0.15609054180977444
2.0,1e-06,1.937759131170945,1.567058230105606,0.09267522526633476
2.0,1e-06,1.075764719051561,1.417530422922448,0.25632427790316525
2.0,1e-06,1.3848594555373737,1.265102443907881,0.02993925290737315
2.0,1e-06,1.7424686542910166,1.3910955773447782,0.0878432692365596
2.0,1e-06,1.4431628523102713,1.91409680368486,0.35320046353094153
2.0,1e-06,1.3323923794957917,1.200805896203308,0.03289662082312095
2.0,1e-06,1.4877627940885692,1.309729440011026,0.04450833851938579
2.0,1e-06,2.003735804915589,2.1182783563054906,0.08590691354242608
2.0,1e-06,1.5676930172409165,1.5553249546542984,0.0030920156466545112
2.0,1e-06,0.941335606680056,0.9689001109626444,0.02067337821194129
2.0,1e-06,1.4446399487773949,1.5740997864217583,0.09709487823327256
2.0,1e-06,2.681460071119825,2.685914712624314,0.0033409811283667823
2.0,1e-06,1.7313057203248263,1.0257092291314691,0.1763991227983393
2.0,1e-06,1.637484740733326,1.7842210599387822,0.1100522394040922
2.0,1e-06,1.5831524668613515,1.8748421949477936,0.21876729606483158
2.0,1e-06,1.0976620672238564,0.761494864684987,0.08404180063471736
2.0,1e-06,1.657498729269589,1.5704533050699534,0.02176135604990892
2.0,1e-06,1.2387078453949787,0.764419941794527,0.11857197590011292
2.0,1e-06,1.3914527281403082,1.57637848563028,0.1386943181174789
2.0,1e-06,1.936729307138826,1.7393236912537364,0.04935140397127241
2.0,1e-06,2.209042048018002,2.459354550533144,0.1877343768863562
2.0,1e-06,1.0175103639170473,0.5838796452538565,0.1084076796657977
2.0,1e-06,0.7727265605576594,0.594638914601224,0.04452191148910886
2.0,1e-06,1.311541365358318,0.9339924178469574,0.09438723687784012
2.0,1e-06,1.7228229685944392,1.969626602905002,0.18510272573292214
2.0,1e-06,1.8905129615705167,2.006610121361046,0.08707286984289686
2.0,1e-06,1.546325983472185,1.7343843405389587,0.14104376780008032
2.0,1e-06,2.280841989957996,2.286797841759678,0.004466888851261341
2.0,1e-06,1.2167469018125896,0.8532042201965842,0.09088567040400136
2.0,1e-06,1.0768791479395663,1.144127217641449,0.05043605227641201
2.0,1e-06,2.20157219586443,2.3480764875323508,0.1098782187509405
2.0,1e-06,1.828998166001135,1.6819944912132498,0.03675091869697128
2.0,1e-06,1.9659846421185678,1.6434660163090775,0.08062965645237258
