Selected_Bandwidth,Decision_Q,Demand_D,Operation_Cost,Effective_N
0.4,1.1190990065556405,1.211918324331503,0.06961448833189687,3000.0
0.4,1.9545182857236219,1.507055809658583,0.11186561901625969,3000.0
0.4,1.3551769235857258,1.182964590683976,0.04305308322543744,3000.0
0.4,1.5478990602252112,1.5701514208765457,0.016689270488500885,3000.0
0.4,1.201740763258324,0.921520134724919,0.07005515713335123,3000.0
0.4,2.256274895477469,2.4144949740916917,0.11866505896066704,3000.0
0.4,1.910365914625777,1.5767711783865177,0.08339868405981482,3000.0
0.4,1.1642493796886861,1.2301522024062717,0.04942711703818914,3000.0
0.4,1.7638227839745497,1.2572151364619994,0.12665191187813757,3000.0
0.4,0.9227777995832906,1.134937683043019,0.1591199125947962,3000.0
0.4,1.4704214508367746,1.2784664116094495,0.04798875980683126,3000.0
0.4,1.8643758782563398,1.8592442625522383,0.0012829039260253694,3000.0
0.4,1.3007213582658135,1.6998749600148455,0.299365201311774,3000.0
0.4,1.7679550261264547,1.626222208835812,0.03543320432266067,3000.0
0.4,1.3729160038400732,1.0887801021136774,0.07103397543159895,3000.0
0.4,1.2574301519180788,1.4368869330966827,0.1345925858839529,3000.0
0.4,1.6249403529313822,1.337453343663174,0.07187175231705206,3000.0
0.4,1.576541873304478,1.454681384410232,0.030465122223561514,3000.0
0.4,1.4298219397608936,0.9346081869298616,0.123803438207758,3000.0
0.4,1.4857239116667682,1.3137026459313264,0.04300531643386046,3000.0
0.4,1.5438180873410847,1.377644501165151,0.041543396543983424,3000.0
0.4,2.6799090640951353,2.5764169684207885,0.0258730239185867,3000.0
0.4,0.9518989351738972,1.0842361376996064,0.09925290189428185,3000.0
0.4,1.4634598842637232,1.0032320323219297,0.11505696298544837,3000.0
0.4,1.9148302534531245,1.8296584665433364,0.021292946727447026,3000.0
0.4,1.1601649455481675,0.7466464591318307,0.1033796216040842,3000.0
0.4,1.4949875647857713,1.6201638177108644,0.09388218969381978,3000.0
0.4,1.6460806001448214,1.561146140918631,0.021233614806547618,3000.0
0.4,1.8272567306583636,1.7761913654822563,0.012766341294026817,3000.0
0.4,0.9506468359682855,0.4813251210522973,0.11733042872899704,3000.0
0.4,2.111721259912532,1.824941273542976,0.07169499659238904,3000.0
0.4,2.472629753603952,1.7606404622730525,0.1779973228327249,3000.0
0.4,1.6175070550061892,1.131782367526508,0.1214311718699203,3000.0
0.4,0.8465595423120813,0.321761464432536,0.13119951946988634,3000.0
0.4,1.7916737115321097,1.877253334855035,0.06418471749219401,3000.0
0.4,1.5055479436051382,1.593924650576772,0.06628253022872527,3000.0
0.4,1.1756654550669738,1.4563312872497742,0.2104993741371003,3000.0
0.4,1.948907755298846,1.051908467783916,0.22424982187873255,3000.0
0.4,2.1939925642542324,2.1557492664394213,0.009560824453702765,3000.0
0.4,1.2934855070758287,1.3876445818670111,0.07061930609338685,3000.0
0.4,1.6357104434045355,1.1976079507158672,0.10952562317216707,3000.0
0.4,2.2708236584276262,2.603669231413111,0.2496341797391135,3000.0
0.4,1.1505960023175439,1.185116418104899,0.025890311840516322,3000.0
0.4,0.9236705293539996,0.989439999910712,0.049327102917534255,3000.0
0.4,1.2945481551689224,1.009062839998898,0.07137132879250613,3000.0
0.4,1.7785853922943586,2.0213579878085075,0.18207944663561165,3000.0
0.4,1.081160508755306,0.9755481172792522,0.02640309786901346,3000.0
0.4,3.0715917326712905,3.1868706694590414,0.08645920259081319,3000.0
0.4,1.083819163113098,0.9792005863479222,0.026154644191293958,3000.0
0.4,1.6726061546233801,1.6806280396504412,0.00601641377029577,3000.0
0.4,1.4073424292109733,0.9828275177764626,0.10612872785862767,3000.0
0.4,1.000262821541004,0.3473255772832685,0.1632343110644339,3000.0
0.4,1.5459939199833423,1.475727139929796,0.01756669501338659,3000.0
0.4,1.870498192252219,1.646989215868384,0.055877244095958734,3000.0
0.4,1.7182723244115508,1.1907662973168769,0.13187650677366847,3000.0
0.4,1.1836222628597217,1.082064040789267,0.025389555517613682,3000.0
0.4,2.82223734308215,2.719827857911852,0.025602371292574477,3000.0
0.4,1.9021238050808802,1.8201230351775328,0.020500192475836843,3000.0
0.4,0.8377897972186845,0.976432922808008,0.10398234419199259,3000.0
0.4,2.1083806534380414,2.092729595021419,0.003912764604155572,3000.0
0.4,2.0011241168988585,2.0385258336289183,0.028051287547544823,3000.0
0.4,2.497186028464782,2.4914552727771935,0.001432688921897185,3000.0
0.4,1.4741149749786908,1.4502967668212388,0.005954552039363015,3000.0
0.4,1.7822508286456542,1.4445133457926351,0.08443437071325477,3000.0
0.4,1.0636684201194777,0.9649650949288164,0.024675831297665318,3000.0
0.4,1.870822121713867,1.5057777693897614,0.0912610880810264,3000.0
0.4,1.9984440950428697,1.5419379224586218,0.11412654314606197,3000.0
0.4,1.0360399138288658,1.0853292496819755,0.03696700188983226,3000.0
0.4,1.7434166779549385,1.66640202879983,0.019253662288777118,3000.0
0.4,1.960348301119603,1.4496422400890006,0.1276765152576506,3000.0
0.4,1.6921126110785467,1.3364852027649508,0.08890685207839899,3000.0
0.4,1.0754128936324254,1.6020625702715026,0.39498725747930785,3000.0
0.4,0.8832311103378435,0.8161945954061179,0.016759128732931394,3000.0
0.4,1.0124918994252512,0.8638068185840198,0.03717127021030786,3000.0
0.4,1.6839536873137737,1.507269950368288,0.04417093423637142,3000.0
0.4,2.045067448561586,1.717106324386903,0.08199028104367079,3000.0
0.4,0.9024140632225819,0.4750101931583024,0.10685096751606987,3000.0
0.4,1.0027615338036053,1.06577147625364,0.04725745683752608,3000.0
0.4,1.2644573124809855,1.1752089183159642,0.02231209854125532,3000.0
0.4,1.7137133706154288,1.4933318832512517,0.055095371841044294,3000.0
0.4,2.016859129047304,1.753479069139568,0.06584501497693401,3000.0
0.4,1.1722103046353929,0.566576432194089,0.15140846811032596,3000.0
0.4,1.6231138533842533,1.5715237775234958,0.01289751896518937,3000.0
0.4,1.4669056481388816,1.2459540660030708,0.0552378955339527,3000.0
0.4,0.7984039879414186,0.5204669770821909,0.06948425271480693,3000.0
0.4,1.722488742932129,1.5378281422945514,0.046165150159394375,3000.0
0.4,1.0610184569162393,0.6481367120692092,0.10322043621175753,3000.0
0.4,0.8722475564902646,0.8346507341699891,0.009399205580068876,3000.0
0.4,1.7463348205307596,1.6695076676695015,0.01920678821531452,3000.0
0.4,1.9053871817185417,1.7344783325367623,0.04272721229544485,3000.0
0.4,1.0829269765135219,0.9024972828664412,0.04510742341177018,3000.0
0.4,1.5735931202553952,1.1637783470741212,0.1024536932953185,3000.0
0.4,1.432079143531176,1.073550186435973,0.0896322392738007,3000.0
0.4,1.4764552583550077,0.8697491115207537,0.1516765367085635,3000.0
0.4,1.4335591194165713,0.6090591462585306,0.20612499328951017,3000.0
0.4,2.2393800091031717,2.2297923430906645,0.002396916503126789,3000.0
0.4,1.676907098361686,1.826834340447669,0.11244543156448722,3000.0
0.4,1.363878390479043,0.8982097927139148,0.11641714944128206,3000.0
0.4,1.7143213770130357,1.3891185269018185,0.0813007125278043,3000.0
0.4,1.196548500036038,0.6589357333602422,0.13440319166894896,3000.0
0.4,1.4415858155414856,1.0609838391330473,0.09515049410210957,3000.0
0.4,1.493752600347598,1.7007019961898708,0.1552120468817046,3000.0
0.4,0.9589966182388917,0.987827700314271,0.02162331155653449,3000.0
0.4,1.6518035323862086,1.4832097515264246,0.042148445214945984,3000.0
0.4,1.806894200140234,1.263752188386438,0.135785502938449,3000.0
0.4,1.0178335532215728,0.7090386931554362,0.07719871501653414,3000.0
0.4,3.2113740358997376,2.9338288891850253,0.06938628667867808,3000.0
0.4,2.1189295068498843,2.168283626270925,0.03701558956578055,3000.0
0.4,1.867895832578813,1.726256121091423,0.035409927871847546,3000.0
0.4,1.0530705575997736,0.695875657155407,0.08929872511109166,3000.0
0.4,1.1275975159105391,0.9433186301014754,0.04606972145226593,3000.0
0.4,2.2421462833283785,2.3423579638351355,0.07515876038006775,3000.0
0.4,1.879490663817919,1.6073427320689198,0.0680369829372498,3000.0
0.4,2.3066775617455777,2.050293495486407,0.06409601656479269,3000.0
0.4,0.8180470078557166,0.4268451254920211,0.09780047059092388,3000.0
0.4,1.5295135616844047,1.8378704376293535,0.23126765695871165,3000.0
0.4,0.9224534676703936,0.6025254507932737,0.07998200421927998,3000.0
0.4,1.3569873539750248,1.7404377052048945,0.2875877634224023,3000.0
0.4,1.913014343036353,1.787693162694664,0.03133029508542229,3000.0
0.4,1.6067011748368532,1.5233573035146937,0.02083596783053987,3000.0
0.4,2.557184127582663,2.294118759626701,0.06576634198899045,3000.0
0.4,1.683928203699432,1.4429661968849736,0.06024050170361461,3000.0
0.4,3.142348834677035,2.9443528120681273,0.04949900565222698,3000.0
0.4,1.6129180713177846,1.961884998417874,0.26172519532506694,3000.0
0.4,1.3458163774700764,0.3533992977015459,0.24810426994213264,3000.0
0.4,1.4009047715863108,1.4358867346773905,0.026236472318309778,3000.0
0.4,2.5955798237433685,2.7422269434482285,0.109985339778645,3000.0
0.4,1.6313237412067019,1.731981802352659,0.07549354585946783,3000.0
0.4,1.2664612667557507,1.4830236379461548,0.16242177839280308,3000.0
0.4,1.0374554470333868,0.7718487667197178,0.06640167007841724,3000.0
0.4,1.2457840387550072,1.0832476517226295,0.04063409675809443,3000.0
0.4,0.9739436413897493,1.1200753100443095,0.10959875149092013,3000.0
0.4,2.181948602014914,1.835721955048835,0.08655666174151977,3000.0
0.4,1.0529897220116582,0.8583622068583864,0.04865687878831795,3000.0
0.4,1.2737685471284426,1.2242867670685305,0.012370445014978027,3000.0
0.4,1.0741043610574332,1.144664878551898,0.052920388120848594,3000.0
0.4,1.5827197690879404,1.6033841084875484,0.015498254549705992,3000.0
0.4,1.6154745242368875,0.992551160074638,0.1557308410405624,3000.0
0.4,0.8336982148104799,0.7220072513840924,0.027922740856596878,3000.0
0.4,1.0376874769757616,0.8018081321622812,0.058969836203370096,3000.0
0.4,1.5243661460908546,1.3189795333811392,0.05134665317742887,3000.0
0.4,1.0060897917629386,0.5347223036115072,0.11784187203785784,3000.0
0.4,0.9406118630349931,0.5557853991867472,0.09620661596206148,3000.0
0.4,1.1570756960359465,0.5567196659617749,0.1500890075185429,3000.0
0.4,1.450484400108352,1.4598223161917578,0.007003437062554463,3000.0
0.4,1.521031114424282,1.530501558757314,0.00710283324977401,3000.0
0.4,2.5462330264593267,2.106720194289994,0.10987820804233317,3000.0
0.4,1.0749703685392578,1.0511560442348675,0.005953581076097558,3000.0
0.4,2.293440957876913,2.30671805909983,0.009957825917187857,3000.0
0.4,1.1499947890562046,1.001650959570066,0.03708595737153464,3000.0
0.4,1.5246501978052565,1.6649726574095225,0.10524184470319953,3000.0
0.4,0.8641375671331696,0.5271022387124092,0.08425883210519008,3000.0
0.4,2.213413430093689,2.255226301265098,0.03135965337855673,3000.0
0.4,1.5903799514868482,1.6266041215574616,0.027168127552960053,3000.0
0.4,1.8981060131674645,1.554247739355025,0.0859645684531099,3000.0
0.4,1.8571965110365765,1.890520007439336,0.024992622302069667,3000.0
0.4,1.1160847553369977,0.9063789815049612,0.05242644345800912,3000.0
0.4,1.7343717529837048,0.9815820631909246,0.18819742244819507,3000.0
0.4,1.601326689000494,1.8423387497942032,0.1807590455952819,3000.0
0.4,1.7406210365283463,1.5833481483775629,0.03931822203769586,3000.0
0.4,1.4823271371481967,1.675839894880443,0.14513456829918464,3000.0
0.4,1.8265837530573785,1.6010453890418346,0.05638459100388599,3000.0
0.4,1.7950014945288264,1.9118202297464464,0.08761405141321499,3000.0
0.4,1.22107405716406,0.8490584291624402,0.09300390700040492,3000.0
0.4,1.22544607447249,1.251336094767474,0.01941751522123808,3000.0
0.4,1.4572680218896963,1.2108178974650592,0.061612531106159274,3000.0
0.4,1.104177302440833,0.9120099077237906,0.04804184867926059,3000.0
0.4,2.9877569915541344,3.296792200394022,0.23177640662991583,3000.0
0.4,2.011500529644917,2.4788279032610405,0.35049553021209257,3000.0
0.4,1.4215405582056475,1.4119704226121248,0.0023925338983806776,3000.0
0.4,2.2300117756327396,2.1286853788223645,0.025331599202593758,3000.0
0.4,1.870627607974812,1.6185128091392935,0.06302869970887964,3000.0
0.4,1.0024172799847448,0.9016914983159812,0.025181445417190917,3000.0
0.4,2.754243989581383,2.3731486676634512,0.0952738304794829,3000.0
0.4,1.906724198796355,1.5692691478622636,0.08436376273352286,3000.0
0.4,1.1542342267642716,0.7846411820341173,0.09239826118253858,3000.0
0.4,1.0110089204763197,0.7115077052189294,0.0748753038143476,3000.0
0.4,1.5866507336968716,1.2542657078021866,0.08309625647367125,3000.0
0.4,1.3755559961721273,0.945061966341714,0.10762350745760332,3000.0
0.4,1.0033709678094214,1.287400951026216,0.21302248741259605,3000.0
0.4,0.9321580232990722,0.8250594509893019,0.026774643077442567,3000.0
0.4,1.3541604580939122,1.1858125299900926,0.0420869820259549,3000.0
0.4,0.7717798934863263,0.7814126663044527,0.00722457961359485,3000.0
0.4,1.4434939798237763,1.3991496054224537,0.011086093600330638,3000.0
0.4,1.225567684384394,0.9226521340732824,0.07572888757777788,3000.0
0.4,1.2101368069395912,0.974305255717532,0.05895788780551481,3000.0
0.4,1.951767439591299,1.6192925637999251,0.08311871894784345,3000.0
0.4,1.1778020751707492,1.043547032352382,0.03356376070459177,3000.0
0.4,1.860744329123218,1.7789823403687148,0.020440497188625784,3000.0
0.4,1.3796268201949835,1.444413312371754,0.048589869132577845,3000.0
0.4,1.93825137953111,1.5736031861149096,0.09116204835405012,3000.0
0.4,2.236121276732247,1.869185196962588,0.09173401994241481,3000.0
0.4,0.8662815514393978,0.6824845979642198,0.0459492383687945,3000.0
0.4,1.8356197471161675,1.7737709402494697,0.01546220171667445,3000.0
0.4,1.4963183833411795,1.5064777920903378,0.0076195565618687455,3000.0
0.4,1.4404503131370252,1.4406134580141203,0.00012235865782134203,3000.0
0.4,1.7267672890376424,1.8917312997158096,0.12372300800862535,3000.0
0.4,1.5473996809614194,1.2456949059778886,0.07542619374588272,3000.0
0.4,1.6365082307462342,1.5685432760396498,0.016991238676646092,3000.0
0.4,2.315481826385345,1.937234112193105,0.09456192854806006,3000.0
0.4,1.398248022082516,1.2993976276776669,0.024712598601212277,3000.0
0.4,1.0769303993559443,0.9541361344708278,0.030698566221279117,3000.0
0.4,1.360718388916161,1.575659516977111,0.1612058460457126,3000.0
0.4,1.291263487847687,1.200754643058134,0.022627211197388253,3000.0
0.4,1.5892278059999945,1.1488045292767717,0.1101058191808057,3000.0
0.4,2.676612052833989,2.5556821397917857,0.030232478260550866,3000.0
0.4,2.192413239090893,2.2530789660905453,0.04549929524973917,3000.0
0.4,2.0276324123548304,2.111625819938821,0.0629950556879929,3000.0
0.4,1.5837094048400413,1.7294000012479902,0.10926794730596168,3000.0
0.4,1.3146385563303464,1.4949356774083205,0.13522284080848052,3000.0
0.4,0.8827573273687779,0.8269249261221511,0.013958100311656702,3000.0
0.4,1.3300716865396711,1.526706666724538,0.1474762351386501,3000.0
0.4,1.1055306458654386,0.8212208172917985,0.07107745714341002,3000.0
0.4,1.2592195347161181,0.7253068095661596,0.13347818128748964,3000.0
0.4,1.7364742513254958,1.6144718416626225,0.030500602415718336,3000.0
0.4,2.1280569729980043,1.9540422080164548,0.04350369124538739,3000.0
0.4,1.7480931044858323,1.4503629318312583,0.0744325431636435,3000.0
0.4,1.7441311379300157,1.364869670195921,0.09481536693352366,3000.0
0.4,1.1704096414606304,0.8358431555478194,0.08364162147820275,3000.0
0.4,2.6291977392225827,2.440712444429401,0.04712132369829547,3000.0
0.4,1.2704153659182893,1.2177475374913609,0.013166957106732102,3000.0
0.4,1.7769306016238462,1.6608070414120206,0.029030890052956393,3000.0
0.4,2.878364961339682,2.601775675165792,0.06914732154347247,3000.0
0.4,1.43801444870102,1.6809736556898918,0.1822194052416538,3000.0
0.4,2.027098294660131,1.6017820847781477,0.10632905247049584,3000.0
0.4,1.129549155120045,0.9896966166153228,0.03496313462618053,3000.0
0.4,2.010414402941902,1.8044998741187577,0.05147863220578608,3000.0
0.4,1.3437285581131697,1.0493808859053462,0.07358691805195589,3000.0
0.4,2.0862176892828255,1.678974928913212,0.10181069009240334,3000.0
0.4,1.7774059108029836,1.29906046140932,0.11958636234841591,3000.0
0.4,3.314839867952263,2.7728536458291706,0.1354965555307731,3000.0
0.4,2.0827892168895397,2.1933538706492173,0.08292349031975821,3000.0
0.4,2.3731179921712378,2.2427383365299116,0.032594913910331536,3000.0
0.4,1.3244841932650837,1.3789156123491275,0.040823564313032856,3000.0
0.4,1.2728302172378465,1.3398966704333428,0.050299839896622234,3000.0
0.4,1.651071067359228,1.329979400150506,0.08027291680218046,3000.0
0.4,1.3603598993007122,1.12474412038247,0.058903944729560564,3000.0
0.4,1.1614748037624059,0.3494523010479012,0.20300562567862618,3000.0
0.4,2.695164579017456,2.6095256571438945,0.021409730468390342,3000.0
0.4,2.0834089912731475,1.5807951095615185,0.12565347042790725,3000.0
0.4,1.2463256305079635,1.1880973203567289,0.01455707753780866,3000.0
0.4,1.1259844815049007,0.7308763019770701,0.09877704488195765,3000.0
0.4,0.964767990320639,1.0851267088735654,0.09026903891469484,3000.0
0.4,1.7713879590393353,1.3653044684162143,0.10152087265578025,3000.0
0.4,1.2739019079879976,1.2306229498778614,0.010819739527534067,3000.0
0.4,1.4581055418442148,0.8979576808688228,0.140036965243848,3000.0
0.4,1.233356750443534,0.8980523787622822,0.08382609292031298,3000.0
0.4,1.2886170187230521,1.205914028773535,0.02067574748737927,3000.0
0.4,1.2870288082454162,1.446375364110396,0.11950991689873486,3000.0
0.4,1.5964562964216136,1.3456633528921895,0.06269823588235601,3000.0
0.4,1.3095145110136477,0.9095372885807091,0.09999430560823463,3000.0
0.4,1.6379746065706473,1.16948832874288,0.11712156945694185,3000.0
0.4,1.3293838798880488,1.2698272213582655,0.014889164632445828,3000.0
0.4,1.6115885762947326,1.25553343265,0.08901378591118314,3000.0
0.4,0.8916346052169484,0.6156712461069416,0.0689908397775017,3000.0
0.4,1.72677717600635,1.5259800528346454,0.050199280792926126,3000.0
0.4,2.073133594816065,1.6187791321396343,0.11358861566910772,3000.0
0.4,1.272005050796957,1.272121051697401,8.70006753331265e-05,3000.0
0.4,0.8718454852405763,1.0057277374504234,0.10041168915738538,3000.0
0.4,1.4777317896827322,1.439963414833756,0.009442093712244082,3000.0
0.4,3.324870906905218,3.520365529545044,0.14662096697986948,3000.0
0.4,2.605998452048094,2.5072945745794475,0.024675969367161654,3000.0
0.4,2.1879294663114623,2.1417194704145106,0.011552498974237935,3000.0
0.4,1.2479162552881946,1.2298517009563896,0.004516138582951246,3000.0
0.4,1.97323205937602,2.1793711637769477,0.15460432830069581,3000.0
0.4,1.31581588368075,0.9381675396245448,0.09441208601405132,3000.0
0.4,2.358691823564591,2.088112284564418,0.06764488475004327,3000.0
0.4,2.8062421614458595,2.0384823242758436,0.19193995929250396,3000.0
0.4,1.4369956837761368,1.016513244699035,0.10512060976927545,3000.0
0.4,1.5079841238812566,1.1985426906325165,0.07736035831218502,3000.0
0.4,1.5612539000135688,1.3607695201905916,0.050121094955744294,3000.0
0.4,2.1291302392342795,1.7942824460819522,0.08371194828808182,3000.0
0.4,2.126254465693318,2.19800729116328,0.05381461910247165,3000.0
0.4,1.803245922982324,1.6327264725103017,0.042629862618005554,3000.0
0.4,1.6622628956695724,1.2530950747895433,0.10229195522000728,3000.0
0.4,1.5399943296275598,1.4523118943962694,0.021920608807822595,3000.0
0.4,1.5900764498714648,1.8937651426003397,0.22776651954665617,3000.0
0.4,1.6032855504952548,1.7559209329385637,0.11447653683248166,3000.0
0.4,2.446743618219934,2.4875337263008666,0.030592581060699398,3000.0
0.4,1.81685716397615,1.828934646912728,0.009058112202433466,3000.0
0.4,0.9871723794057992,0.7680646676895468,0.05477692792906308,3000.0
0.4,1.087732078462387,0.9487982132882288,0.034733466293539544,3000.0
0.4,1.4299063679914203,1.415002575261719,0.0037259481824253315,3000.0
0.4,2.1030037184461112,1.647948060224494,0.1137639145554043,3000.0
0.4,1.2969612894034923,1.2603292612283776,0.009158007043778671,3000.0
0.4,1.4555909751170972,1.1308010190345683,0.08119748902063223,3000.0
0.4,1.928377717735698,1.707269410175138,0.05527707689014,3000.0
0.4,2.349071322176962,2.57467490500205,0.16920268711881614,3000.0
0.4,2.234611048433726,2.267067931376802,0.024342662207306853,3000.0
0.4,1.3751471010214928,1.1760941061920571,0.04976324870735893,3000.0
0.4,0.9603786049076535,0.3705640336491219,0.1474536428146329,3000.0
0.4,0.8279322025543963,1.069388814448921,0.18109245892089354,3000.0
0.4,3.2025515447264423,3.0486565808526302,0.03847374096845302,3000.0
0.4,2.015673977201241,2.0594677616617787,0.032845338345403374,3000.0
0.4,1.5091812320197497,0.9285934355896316,0.14514694910752954,3000.0
0.4,1.4742488707887025,1.029095248666732,0.11128840553049263,3000.0
0.4,1.3804863972421162,1.7030212633579889,0.2419011495869045,3000.0
0.4,0.772226603478823,0.9935505566682348,0.16599296489205884,3000.0
0.4,1.2680225434539203,1.5908408422406122,0.2421137240900189,3000.0
0.4,1.78560420025437,1.6219688567197128,0.040908835883664285,3000.0
0.4,1.210749676788979,1.1108748317773456,0.024968711252908338,3000.0
0.4,1.6790028038159157,1.6758582720450157,0.0007861329427250041,3000.0
0.4,1.552105181369725,1.7109312148805624,0.11911952513312801,3000.0
0.4,2.1511719375052643,1.8563951172372108,0.07369420506701335,3000.0
0.4,1.7766907101442748,1.656492381802644,0.0300495820854077,3000.0
0.4,1.8444342205057955,1.6146118736410742,0.05745558671618034,3000.0
0.4,1.0607738857892397,0.9236554684960326,0.034279604323301766,3000.0
0.4,1.2789972097453257,1.2495359017262284,0.007365327004774325,3000.0
0.4,1.3089388370314485,0.899393639620878,0.10238629935264262,3000.0
0.4,1.8751441661460149,1.71985248502989,0.038822920279031226,3000.0
0.4,1.517298790687611,1.6529347757577506,0.10172698880260472,3000.0
0.4,1.8205270814459775,1.788861107542985,0.007916493475748132,3000.0
0.4,1.146191797711037,0.9901311663424012,0.03901515784215895,3000.0
0.4,1.9178184297232272,1.9789494315967129,0.045848251405114226,3000.0
0.4,0.8359729668069451,0.5191529031015907,0.0792050159263386,3000.0
0.4,2.1327671018597054,2.0255194316751908,0.02681191754612866,3000.0
0.4,2.169900421454903,2.673339375304357,0.3775792153870903,3000.0
0.4,1.3803076713206228,1.2970191602840149,0.020822127759151987,3000.0
0.4,1.6460554726776866,1.3690085980519306,0.06926171865643899,3000.0
0.4,0.775225343267441,0.7858282655663551,0.007952191724185598,3000.0
0.4,1.533828970617211,1.6214699816513003,0.06573075827556696,3000.0
0.4,1.615513403387142,1.0842090683230128,0.13282608376603233,3000.0
0.4,2.6746516745088256,2.681925983062759,0.005455731415449971,3000.0
0.4,1.4370873085073002,1.1269256692274423,0.07754040981996446,3000.0
0.4,1.2079586185599105,1.0241308891255438,0.04595693235859166,3000.0
0.4,1.159160256005757,0.8261490735990932,0.08325279560166596,3000.0
0.4,1.2032985371905776,1.0211352655260069,0.04554081791614267,3000.0
0.4,1.645366763134668,1.4354744211617911,0.05247308549321922,3000.0
0.4,1.6651919338128975,1.9428521348248,0.20824515075892686,3000.0
0.4,1.3534450533191533,1.0463980280273053,0.076761756322962,3000.0
0.4,1.4523222075417397,1.8890053858301652,0.32751238371631913,3000.0
0.4,1.2592698688236552,1.4591088275713733,0.14987921906078855,3000.0
0.4,0.7887582290456192,0.6774375472785388,0.027830170441770108,3000.0
0.4,1.712836641644255,0.7605199639314013,0.23807916942821344,3000.0
0.4,1.4024789335182757,1.1829803199780655,0.05487465338505254,3000.0
0.4,3.0142769134059804,2.84116372640093,0.0432782967512626,3000.0
0.4,1.7742731492627357,1.7482159740750265,0.006514293796927306,3000.0
0.4,1.2267856336192966,1.0520997619647987,0.04367146791362447,3000.0
0.4,1.2283681998814986,1.5096527610781112,0.21096342089745945,3000.0
0.4,1.7733706223829508,1.775465663958647,0.0015712811817721328,3000.0
0.4,1.9034219413248226,1.9783990406484624,0.05623282449272987,3000.0
0.4,3.427238927658693,3.2859619035374927,0.03531925603030006,3000.0
0.4,1.4925638673958241,1.424753553972023,0.016952578355950265,3000.0
0.4,2.427945221185119,2.3562657338813335,0.017919871825946343,3000.0
0.4,1.229430186348368,1.3895721056941124,0.12010643950930822,3000.0
0.4,1.6877008133537879,1.5604376116309175,0.03181580043071758,3000.0
0.4,2.9554121324812708,2.5904626622626084,0.0912373675546656,3000.0
0.4,2.0702657999183196,2.258012661048267,0.14081014584746065,3000.0
0.4,2.7683603718038223,2.377776017050818,0.09764608868825109,3000.0
0.4,2.947253591956897,2.7591590810095847,0.04702362773682811,3000.0
0.4,1.846014058846297,1.184326235020521,0.165421955956444,3000.0
0.4,1.501553996892096,1.6542096385194855,0.11449173122054224,3000.0
0.4,1.7882560445432047,1.5110158094370278,0.06931005877654423,3000.0
0.4,1.527709549807238,1.755198282954284,0.17061654986028457,3000.0
0.4,1.4807438165889044,1.3915801508152912,0.022290916443403308,3000.0
0.4,3.2929586654988094,3.232884994036355,0.015018417865613642,3000.0
0.4,1.6970939167789174,1.6448259947105957,0.01306698051708044,3000.0
0.4,1.4520426958866948,0.8097465982950681,0.16057402439790666,3000.0
0.4,0.9565161201523474,1.4360916968860504,0.3596816825502772,3000.0
0.4,0.8410812107689802,0.0531098248683191,0.1969928464751653,3000.0
0.4,2.3026687613267787,2.272523049172524,0.007536428038563692,3000.0
0.4,1.3487682952356894,1.3435082820165978,0.0013150033047729104,3000.0
0.4,1.6251362150613942,1.6549762111930608,0.022379997098749993,3000.0
0.4,1.544997072410034,1.3973931656655365,0.036900976686124354,3000.0
0.4,2.980939879307739,2.532990047678919,0.11198745790720499,3000.0
0.4,1.6838920653592844,1.717270245702766,0.02503363525761121,3000.0
0.4,1.2643884133995336,0.9259104135319184,0.0846194999669038,3000.0
0.4,0.8833201310016427,0.5020535554424396,0.0953166438898008,3000.0
0.4,1.8629961417976721,1.880669729118423,0.013255190490563062,3000.0
0.4,1.6620294886166562,1.4661349020010794,0.0489736466538942,3000.0
0.4,3.017198128318789,3.199126376685965,0.13644618627538185,3000.0
0.4,1.016742326458176,0.5325562621797728,0.12104651606960082,3000.0
0.4,1.295700280937973,1.2154481639296346,0.020063029252084585,3000.0
0.4,2.653245136881135,2.7512627396681135,0.07351320209023393,3000.0
0.4,1.3939920078164458,1.163003795593723,0.05774705305568073,3000.0
0.4,2.9343834460278355,2.414521410563869,0.12996550886599167,3000.0
0.4,1.9679813897131397,2.141867570480676,0.1304146355756522,3000.0
0.4,0.8278509223447741,0.8009084512343807,0.006735617777598346,3000.0
0.4,1.372080171240942,1.633411374156746,0.19599840218685294,3000.0
0.4,1.8132500169695784,1.6365555237827911,0.04417362329669683,3000.0
0.4,1.46803079822426,1.2373018698342175,0.05768223209751061,3000.0
0.4,1.8266916735814585,1.9310927039657453,0.07830077278821512,3000.0
0.4,1.5663390953130758,1.3571107094884023,0.05230709645616838,3000.0
0.4,1.0344210376773635,0.8059183571755753,0.05712567012544706,3000.0
0.4,0.8147391088327284,0.5654338264317202,0.06232632060025203,3000.0
0.4,2.4752900330795677,2.487910681403217,0.009465486242736798,3000.0
0.4,1.8402102034897683,1.885192121775184,0.033736438714061734,3000.0
0.4,1.1991014162185845,1.1240740122353463,0.018756850995809538,3000.0
0.4,1.1523916119424396,1.015526367457858,0.03421631112114537,3000.0
0.4,0.8656194961443602,0.6189071442072414,0.061678087984279706,3000.0
0.4,1.743106131321151,1.6231175864170904,0.029997136226015186,3000.0
0.4,0.928915392155733,0.3613469913265277,0.14189210020730134,3000.0
0.4,1.6601904121521234,1.2278360727101234,0.10808858486049999,3000.0
0.4,1.1890764719213893,1.2951477982091264,0.07955349471580281,3000.0
0.4,2.662648388645428,2.004359854033355,0.16457213365301826,3000.0
0.4,1.7556518056907806,1.419255485156495,0.08409908013357142,3000.0
0.4,1.150798656275461,0.7135329764670144,0.10931641995211167,3000.0
0.4,0.822104677744211,0.7417742859273051,0.020082597954226483,3000.0
0.4,1.5672383365312326,1.3607896701269362,0.051612166601074094,3000.0
0.4,1.357106761658236,1.4397471588217827,0.06198029787266007,3000.0
0.4,2.7773137371226406,2.872782407795643,0.07160150300475177,3000.0
0.4,1.9060727856095805,1.70503647524245,0.05025907759178261,3000.0
0.4,2.191984865530627,2.0207898545696814,0.04279875274023637,3000.0
0.4,1.2924734854349735,0.8847060930317433,0.10194184810080756,3000.0
0.4,1.079678761735336,1.358621856872807,0.20920732135310321,3000.0
0.4,1.5232159373665823,1.3902540293493193,0.03324047700431576,3000.0
0.4,2.614852663105149,2.4071549794083857,0.051924420924190806,3000.0
0.4,1.7660140628674457,1.7622904732580476,0.0009308974023495287,3000.0
0.4,1.1503305975834035,1.4894286178270124,0.2543235151827067,3000.0
0.4,1.8874858703328152,1.3417632606414354,0.13643065242284497,3000.0
0.4,1.0000750889258356,0.8362764713974877,0.040949654382086975,3000.0
0.4,1.3009987864420582,1.2386243005847353,0.015593621464330742,3000.0
0.4,1.6515610717412403,1.5970494479602788,0.013627905945240382,3000.0
0.4,1.85553721738581,1.9393776942566952,0.06288035765316385,3000.0
0.4,2.2787757638882935,1.90252879214823,0.0940617429350159,3000.0
0.4,1.06262256928326,0.9172698095082336,0.03633818994375662,3000.0
0.4,1.8295305214019386,1.7557064398322395,0.018456020392424777,3000.0
0.4,1.4709463044980273,1.162899188728452,0.0770117789423938,3000.0
0.4,1.7175598185005518,1.174899509478383,0.13566507725554222,3000.0
0.4,1.5218125168071515,1.1891116684294425,0.08317521209442724,3000.0
0.4,1.8681984677783379,1.9246241955945584,0.04231929586216543,3000.0
0.4,1.886892903007278,1.7016974064922503,0.04629887412875694,3000.0
0.4,1.5349993904487065,0.9664151764814872,0.1421460534918048,3000.0
0.4,1.435681017830329,1.364167649822112,0.017878342002054237,3000.0
0.4,1.2554644524019234,1.146234894130492,0.02730738956785783,3000.0
0.4,1.8672001971937782,1.6441673237902852,0.055758218350873245,3000.0
0.4,1.3714280297167925,1.2782549353990376,0.023293273579438722,3000.0
0.4,2.5482027672554373,2.0341976889226188,0.12850126958320462,3000.0
0.4,1.8953440299147153,1.659843839555312,0.05887504758985085,3000.0
0.4,1.6390360393490204,1.6226428655133154,0.004098293458926261,3000.0
0.4,1.53967242387303,1.0396043176350538,0.12501702655949404,3000.0
0.4,1.8370026893478952,2.033498222428438,0.14737164981040718,3000.0
0.4,1.2800488739673244,1.0954406224401658,0.046152062881789635,3000.0
0.4,2.359412411543489,2.468478701375433,0.08179971737395808,3000.0
0.4,1.1955303107930682,1.1917172711350494,0.0009532599145046783,3000.0
0.4,2.6281770834892764,2.481521577197847,0.0366638765728573,3000.0
0.4,1.9281399910098078,1.247158757790403,0.17024530830485118,3000.0
0.4,1.9686417904367317,1.9097281962801105,0.014728398539155307,3000.0
0.4,1.4738037612384596,0.8241780226203816,0.16240643465451948,3000.0
0.4,1.1013079481667185,0.7387314839490248,0.09064411605442343,3000.0
0.4,2.1795651615693443,2.1746408158650823,0.0012310864260655086,3000.0
0.4,1.39401887934563,1.0661518785525324,0.08196675019827443,3000.0
0.4,0.9642336572838722,0.6158367830409005,0.08709921856074293,3000.0
0.4,1.8779018441452522,1.774820629545851,0.02577030364985028,3000.0
0.4,1.2419690362789755,1.1627446190033923,0.01980610431889579,3000.0
0.4,0.8897712245964279,0.9753372882542632,0.06417454774337653,3000.0
0.4,2.023459465777802,1.55788259898969,0.11639421669702799,3000.0
0.4,1.7311572795914845,1.5855988020498848,0.03638961938539992,3000.0
0.4,3.1109465052831458,2.663575719355612,0.11184269648188339,3000.0
0.4,2.124685546331419,1.937220443444046,0.046866275721843265,3000.0
0.4,0.8597915278166088,0.5430970080090689,0.07917362995188498,3000.0
0.4,1.6293352258254183,1.759362090008734,0.09752014813748666,3000.0
0.4,1.3690683279636418,1.0569416175309152,0.07803167760818164,3000.0
0.4,3.2817244094581794,3.290601772911122,0.006658022589706825,3000.0
0.4,1.775332499226644,1.7785871150312889,0.002440961853483692,3000.0
0.4,1.0893674763335401,0.9197284524851193,0.04240975596210522,3000.0
0.4,1.2941175001904568,1.5777609884678427,0.21273261620803946,3000.0
0.4,1.1395400561199283,1.1172144120732788,0.005581411011662374,3000.0
0.4,1.3103924135623246,0.9716427216929574,0.0846874229673418,3000.0
0.4,1.8088874428653934,1.3617284432721697,0.11178974989830592,3000.0
0.4,0.918054808794849,0.7837344566553406,0.03358008803487711,3000.0
0.4,1.5117707139315373,1.2776376512573009,0.0585332656685591,3000.0
0.4,2.770368051164002,2.4490584510853717,0.08032740001965755,3000.0
0.4,2.659105406030275,2.987646805628126,0.24640604969838809,3000.0
0.4,1.6947428231201302,1.872919675218989,0.13363263907414402,3000.0
0.4,2.034802230223133,1.997466477855488,0.009333938091911242,3000.0
0.4,0.9314446331199981,0.6449260019739842,0.07162965778650349,3000.0
0.4,1.683927628295763,1.454983472979722,0.05723603882901024,3000.0
0.4,1.7173053085506402,1.4478567722797424,0.06736213406772446,3000.0
0.4,1.6273941369680738,1.4429082392210275,0.04612147443676157,3000.0
0.4,1.3248857214926208,0.8719834059088549,0.11322557889594148,3000.0
0.4,0.8999905878740638,0.6879513313775947,0.05300981412411729,3000.0
0.4,1.2080421090779248,1.2778444685866903,0.052351769631574174,3000.0
0.4,1.0976670857988893,0.7900966130504393,0.07689261818711249,3000.0
0.4,1.2650825006502695,0.6236977016354247,0.1603461997537112,3000.0
0.4,1.6839799914431464,1.7035008773983624,0.014640664466412046,3000.0
0.4,0.9444632783476071,0.7206412738825082,0.05595550111627473,3000.0
0.4,1.1431454088332142,0.8927147852909109,0.06260765588557585,3000.0
0.4,2.311052197142835,2.2168059037214123,0.02356157335535569,3000.0
0.4,0.9841393441886667,0.7390002775990698,0.06128476664739921,3000.0
0.4,1.3885958774059217,1.4211201815322567,0.02439322809475125,3000.0
0.4,1.471964814078908,1.0859574309797928,0.09650184577477877,3000.0
0.4,1.5608562885596513,1.5143275581778426,0.011632182595452178,3000.0
0.4,2.056874177592684,1.7337280282299,0.08078653734069607,3000.0
0.4,1.085951437866901,0.9655448899291048,0.030101636984449065,3000.0
0.4,2.1634416290341623,2.03235678495162,0.032771211020635516,3000.0
0.4,1.2190732961069755,1.204500942763458,0.003643088335879341,3000.0
0.4,0.9413420843309289,0.9836105552967646,0.03170135322437673,3000.0
0.4,1.1837515530060596,0.8693051519092648,0.0786116002741987,3000.0
0.4,1.9274852845483397,1.9148864220002468,0.0031497156370232093,3000.0
0.4,0.8531198475614019,0.7413769667226298,0.027935720209693038,3000.0
0.4,1.6094648734545998,1.1373649154376202,0.11802498950424489,3000.0
0.4,1.6274131291438596,1.589715080697641,0.00942451211155465,3000.0
0.4,1.308443829379034,1.4462751975361372,0.10337352611782746,3000.0
0.4,1.062221883286111,1.13585690345404,0.05522626512594675,3000.0
0.4,1.7967913893499767,1.4318967790857111,0.0912236525660664,3000.0
0.4,1.743543831778617,1.2085691288347369,0.13374367573597,3000.0
0.4,1.3749114401152527,1.347532287306672,0.00684478820214518,3000.0
0.4,2.187451205082412,1.8289240848243384,0.08963178006451844,3000.0
0.4,1.8543473152145493,2.0187220236604917,0.12328103133445678,3000.0
0.4,1.582586133794796,1.8077866707275512,0.1689004026995664,3000.0
0.4,1.1268431604616147,0.479207136228905,0.16190900605817743,3000.0
0.4,1.8594629113678418,1.9923310146517668,0.09965107746294372,3000.0
0.4,1.3759938191203172,1.3295964077055995,0.011599352853679412,3000.0
0.4,1.6660822487697837,0.9517382813046654,0.17858599186627958,3000.0
0.4,1.1707625220974722,0.5769892598644889,0.14844331555824583,3000.0
0.4,1.1866386128983875,0.9561801267822836,0.05761462152902597,3000.0
0.4,1.8522414101013496,1.7021465785819938,0.03752370787983894,3000.0
0.4,0.7624565963286621,1.195119050338838,0.32449684050763195,3000.0
0.4,1.3820357526489868,1.0723795735113737,0.07741404478440328,3000.0
0.4,1.2535357269820333,0.7730557662284382,0.12011999018839878,3000.0
0.4,0.7750033577468461,0.4070495954606882,0.09198844057153949,3000.0
0.4,1.2480794101114407,0.723945930292465,0.13103336995474393,3000.0
0.4,2.5866488951606614,2.634078033438996,0.035571853708751044,3000.0
0.4,1.5220411267403426,1.6237868404461364,0.07630928527934533,3000.0
0.4,1.1630340238058232,0.6449205574459018,0.12952836658998035,3000.0
0.4,1.5102785539583778,1.419355325642637,0.02273080707893521,3000.0
0.4,2.4724235785266333,2.2357043191245474,0.059179814850521484,3000.0
0.4,0.923903105455956,0.6450229090996222,0.06972004908908344,3000.0
0.4,2.4945293743981916,2.732992586044416,0.1788474087346683,3000.0
0.4,1.0604534736370137,1.1446103226450983,0.06311763675606347,3000.0
0.4,2.1200176727812376,1.631360078206831,0.12216439864360168,3000.0
0.4,1.373520990415244,0.9977942449800932,0.09393168635878768,3000.0
0.4,1.9343193484854364,1.331277549173462,0.15076044982799358,3000.0
0.4,3.0089868434198164,2.7917573589267213,0.05430737112327377,3000.0
0.4,1.435405782013384,1.430047693006752,0.0013395222516580096,3000.0
0.4,1.4274109472347583,1.0938020899616254,0.08340221431828321,3000.0
0.4,1.3442476055100205,1.2181999523603697,0.03151191328741271,3000.0
0.4,2.0535167129536815,1.7782287039127629,0.06882200226022966,3000.0
0.4,1.308044365133893,1.1470705734846651,0.040243447912306995,3000.0
0.4,1.5795302779085212,1.7698980221880256,0.14277580820962832,3000.0
0.4,1.1892787450355053,0.5312435738221195,0.16450879280334646,3000.0
0.4,0.9624926401465396,0.8221286393455665,0.03509100020024328,3000.0
0.4,2.28567076511982,1.844726974407032,0.110235947678197,3000.0
0.4,1.2517340523465963,0.9781827315784763,0.06838783019202999,3000.0
0.4,0.9823132628395237,0.9640989577000676,0.004553576284864025,3000.0
0.4,1.1110651609841964,1.207418510879311,0.07226501242133593,3000.0
0.4,1.5081286079126135,1.776460945360237,0.20124925308571756,3000.0
0.4,1.20314714591423,0.9251659384002876,0.0694953018784856,3000.0
0.4,1.3282112872157503,1.3692399427673327,0.030771491663686812,3000.0
0.4,1.6892636034803277,1.2357060574944652,0.11338938649646563,3000.0
0.4,1.133349542522763,0.9310611083708884,0.050572108537968674,3000.0
0.4,2.072047455611162,2.0327839415811932,0.009815878507492215,3000.0
0.4,1.2180985497629684,1.1399754439799752,0.0195307764457483,3000.0
0.4,1.5334778145437877,1.4217230530712586,0.02793869036813229,3000.0
0.4,1.4455453184906786,0.9096527146856346,0.133973150951261,3000.0
0.4,2.690338986242774,2.2927622556783027,0.09939418264111777,3000.0
0.4,1.0140037891451736,1.1611056396204098,0.11032638785642712,3000.0
0.4,1.0945026594576508,1.2567052860658867,0.12165196995617694,3000.0
0.4,2.603309457417279,2.071190109995542,0.13302983685543424,3000.0
0.4,1.9415610256512956,1.8599538029603155,0.02040180567274502,3000.0
0.4,2.2115151345842023,1.8879766792609751,0.0808846138308068,3000.0
0.4,1.5457483661239388,1.046323262538456,0.12485627589637072,3000.0
0.4,2.3922882918734674,2.0313844786912707,0.09022595329554917,3000.0
0.4,1.5380836482481668,1.826511832544061,0.21632113822192067,3000.0
0.4,1.1918134518552155,1.3739504740959656,0.1366027666805626,3000.0
0.4,0.8317644284414953,0.8468734371548656,0.011331756535027715,3000.0
0.4,1.0108577526678002,0.9009677462680996,0.027472501599925148,3000.0
0.4,1.1292696886851021,1.2657234212017172,0.10234029938746131,3000.0
0.4,2.6268164837850265,2.106787003317294,0.13000737011693309,3000.0
0.4,1.5801039039818672,1.694776021971634,0.08600408849232505,3000.0
0.4,1.4279233865396963,1.1997286664771032,0.05704868001564828,3000.0
0.4,1.7849673658595524,1.8457974709480711,0.04562257881638904,3000.0
0.4,1.5203272751772554,1.0513994103910167,0.11723196619655968,3000.0
0.4,1.1807940334723799,1.0664419867413508,0.028588011682757264,3000.0
0.4,0.8414596049399922,0.1536425944043056,0.17195425263392164,3000.0
0.4,1.5936355589568234,1.7024578183598842,0.08161669455229559,3000.0
0.4,2.2465997387349903,1.88459584063762,0.09050097452434258,3000.0
0.4,1.7138259691107394,1.5181407056563834,0.048921315863589,3000.0
0.4,1.190582821164332,1.027651941644161,0.040732719880042734,3000.0
0.4,1.6613851684009295,1.5855941094848855,0.018947764729010996,3000.0
0.4,3.0890014174615215,2.4147853343836134,0.168554020769477,3000.0
0.4,2.4092480081330465,2.4462890820278593,0.02778080542110961,3000.0
0.4,1.1381065189460404,0.8812566776376181,0.06421246032710559,3000.0
0.4,3.4859265035502447,3.092679550759004,0.09831173819781014,3000.0
0.4,1.5017959930783407,1.4807014158228018,0.005273644313884718,3000.0
0.4,1.7341118842234364,1.5647427671721936,0.0423422792628107,3000.0
0.4,1.3463793668408888,1.22089685491864,0.03137062798056217,3000.0
0.4,2.006483897125314,1.6352367024949992,0.09281179865757866,3000.0
0.4,1.3355677018921484,1.2350922021107975,0.02511887494533771,3000.0
0.4,0.8205586943189984,0.5725701820118967,0.06199712807677543,3000.0
0.4,1.8883716112897118,1.7332237847727536,0.03878695662923953,3000.0
0.4,1.107320711600632,1.097577674338553,0.0024357593155197588,3000.0
0.4,2.392275972803446,2.182769579972431,0.052376598207753755,3000.0
0.4,2.575245608419453,1.8839745153000065,0.1728177732798616,3000.0
0.4,2.379632748040871,1.9916634026189024,0.09699233635549215,3000.0
0.4,1.5220978146591382,1.143019829707718,0.09476949623785502,3000.0
0.4,1.713444691740189,1.4751454612629151,0.05957480761931849,3000.0
0.4,1.376545851006693,1.1816938950944271,0.048712988978066474,3000.0
0.4,1.7461793441612576,1.5903250628009504,0.0389635703400768,3000.0
0.4,1.46456578161705,1.2344473000444287,0.057529620393155345,3000.0
0.4,1.7793772239651353,1.707178247484743,0.018049744120098077,3000.0
0.4,2.2588334298080355,1.96215818755895,0.07416881056227137,3000.0
0.4,1.0616456590584111,1.201053714710289,0.10455604173890848,3000.0
0.4,1.1193186847834808,0.8563848795900656,0.06573345129835381,3000.0
0.4,1.223496680145522,1.7076344223089543,0.36310330662257423,3000.0
0.4,1.5653830462597687,1.503524957277738,0.01546452224550765,3000.0
0.4,1.6220690617216256,1.630982894201388,0.006685374359821805,3000.0
0.4,1.6482036936851212,1.780178218490551,0.09898089360407236,3000.0
0.4,3.0249391040675526,2.3440625950485665,0.17021912725474653,3000.0
0.4,0.8368865115832782,0.8925404451460076,0.041740450172047056,3000.0
0.4,1.2446657750227756,1.6245628591593275,0.2849228131024139,3000.0
0.4,1.4070254972623528,1.427423573385237,0.015298557092163101,3000.0
0.4,1.3402188353754518,1.4639572331603703,0.09280379833868885,3000.0
0.4,1.6049314885182526,1.565133865005539,0.009949405878178386,3000.0
0.4,1.2023995188415204,1.1364557426413433,0.016485944050044277,3000.0
0.4,1.6173403074594572,1.6172558856208146,2.1105459660664128e-05,3000.0
0.4,1.9439591814041701,1.820045339879559,0.03097846038115276,3000.0
0.4,0.7921893881133121,0.6743654367833186,0.029455987832498365,3000.0
0.4,2.8663327854685035,2.4171050365520586,0.11230693722911123,3000.0
0.4,1.5859673666725287,1.4426834286434074,0.03582098450728033,3000.0
0.4,1.2025514919183993,1.2606655440672028,0.04358553911160262,3000.0
0.4,1.330880398220506,0.8292744443774483,0.1254014884607644,3000.0
0.4,1.598795760324934,1.2525937077091316,0.08655051315395063,3000.0
0.4,1.2168021527834165,1.7094762216175496,0.36950555162559984,3000.0
0.4,2.591276216240834,2.214804489907484,0.09411793158333748,3000.0
0.4,1.2098647362010075,1.5054212552768382,0.22166738930687302,3000.0
0.4,1.4855163713165316,1.4020503854986268,0.02086649645447619,3000.0
0.4,2.182469801791872,1.7572925047201264,0.10629432426793645,3000.0
0.4,1.8873454612070248,1.1560800757281342,0.18281634636972266,3000.0
0.4,1.9218202976523109,1.4984209899678538,0.10584982692111428,3000.0
0.4,0.9507251570789393,0.7576339267631372,0.04827280757895053,3000.0
0.4,1.534206412604781,1.648476468975267,0.08570254227786445,3000.0
0.4,1.9127224062443968,1.483181062880388,0.10738533584100218,3000.0
0.4,1.7401986157043892,1.2872231710443724,0.11324386116500418,3000.0
0.4,2.0691750520686294,2.284740897265043,0.16167438389731015,3000.0
0.4,1.037432731720801,1.3581764414652604,0.24055778230834457,3000.0
0.4,2.5990637315996485,2.622575941422125,0.01763415736685736,3000.0
0.4,0.772454732723518,0.6844714459682069,0.02199582168882777,3000.0
0.4,1.5685412485908148,1.3406731860866972,0.056967015626029405,3000.0
0.4,2.203984226867744,2.356311389865362,0.11424537224821363,3000.0
0.4,1.3666316681203539,0.975934190552915,0.09767436939185972,3000.0
0.4,1.7922933883923378,1.3204763036350189,0.11795427118932972,3000.0
0.4,1.4471548669114955,1.757727845774795,0.23292973414747453,3000.0
0.4,1.5398015405643528,0.8419023678632129,0.17447479317528497,3000.0
0.4,1.43759148477974,1.9350630496096637,0.3731036736224428,3000.0
0.4,0.8142943850923057,0.4899318975141124,0.08109062189454831,3000.0
0.4,1.9294327533536377,1.288458324818306,0.16024360713383295,3000.0
0.4,1.6756152025239868,1.5048720556139,0.04268578672752171,3000.0
0.4,1.4310773286876304,1.5004127410039696,0.05200155923725441,3000.0
0.4,2.2747515916164316,2.554389369620253,0.20972833350286613,3000.0
0.4,1.9959634036687817,1.905909749367178,0.02251341357540093,3000.0
0.4,0.8879755520964402,0.8161202707597451,0.017963820334173763,3000.0
0.4,1.926573110103707,1.594970513665233,0.08290064910961847,3000.0
0.4,1.0593346515886206,0.8181892576379539,0.060286348487666674,3000.0
0.4,2.099891584242971,2.3049009894817236,0.15375705392906458,3000.0
0.4,1.5535984625308865,1.7186300759886446,0.12377371009331856,3000.0
0.4,0.8950751109227327,0.6467446894908421,0.062082605357972664,3000.0
0.4,0.9710018133776661,0.6936279089053754,0.06934347611807268,3000.0
0.4,2.0592381271234115,1.3280233015221663,0.1828037064003113,3000.0
0.4,1.7058951897943455,0.965445795351735,0.18511234861065262,3000.0
0.4,1.4831415779935997,1.5261062096652522,0.03222347375373941,3000.0
0.4,0.7726500509576817,0.595987460535388,0.04416564760557343,3000.0
0.4,0.9761461813056933,0.8602711103278198,0.028968767744468382,3000.0
0.4,1.4244298923312082,1.5212930305496988,0.07264735366386793,3000.0
0.4,1.2963799032997276,0.8798941052041904,0.1041214495238843,3000.0
0.4,1.4648403830068628,1.16335876869905,0.07537040357695318,3000.0
0.4,1.8883706791573065,1.7020304005957805,0.046585069640381505,3000.0
0.4,1.875542392520935,2.015709162067088,0.10512507715961478,3000.0
0.4,1.420868468413868,1.1957283380003925,0.05628503260336887,3000.0
0.4,1.5175847112576888,1.363570696731235,0.03850350363161342,3000.0
0.4,2.1531285976259045,2.291595399047252,0.10385010106601078,3000.0
0.4,2.458390734167493,2.6685687845832913,0.15763353781184863,3000.0
0.4,1.7936502829629328,1.9087154181570485,0.08629885139558674,3000.0
0.4,1.6987180727616977,1.4103742822492846,0.07208594762810328,3000.0
0.4,1.0925984161074207,0.8157227652022123,0.0692189127263021,3000.0
0.4,1.3359371774921731,1.2420464638844706,0.02347267840192563,3000.0
0.4,2.026727892430199,2.1126484096651392,0.06444038792620532,3000.0
0.4,1.7940914443700096,1.6441955736963212,0.03747396766842209,3000.0
0.4,2.1555999873815703,1.9036032239071583,0.062999190868603,3000.0
0.4,1.7854207363184431,1.8782920072096356,0.06965345316839439,3000.0
0.4,1.3913247633707393,0.7726920251061496,0.1546581845661474,3000.0
0.4,3.1621164677115807,3.327910228936593,0.12434532091875916,3000.0
0.4,1.2105770546148855,1.308974694555466,0.07379822995543528,3000.0
0.4,2.649998060652929,2.449453858357823,0.05013605057377646,3000.0
0.4,2.022503918799587,1.9326695900811437,0.02245858217961083,3000.0
0.4,1.0891178583975605,0.7904618513624709,0.07466400175877239,3000.0
0.4,1.4215696824171205,1.1079571457135744,0.07840313417588651,3000.0
0.4,1.1430782463087166,1.223301595639526,0.06016751199810699,3000.0
0.4,1.785895462714748,1.199404797838128,0.14662266621915504,3000.0
0.4,1.2039414561031057,0.8730739116224555,0.08271688612016254,3000.0
0.4,1.5658122008385542,1.325229794541326,0.06014560157430704,3000.0
0.4,1.1741728874256392,0.8026894459702898,0.09287086036383735,3000.0
0.4,1.0768342351373608,1.4777787682536,0.3007083998371795,3000.0
0.4,1.315472316066987,0.9140097490593369,0.10036564175191254,3000.0
0.4,1.2381500787857707,0.6803836886197588,0.13944159754150295,3000.0
0.4,1.9325810928427378,1.855334577555803,0.019311628821733706,3000.0
0.4,1.021340537640063,0.8253363033305432,0.04900105857737996,3000.0
0.4,1.4275876752554135,1.370611861347469,0.014243953476986149,3000.0
0.4,2.458239047565097,2.618500171206497,0.12019584273105,3000.0
0.4,1.7690988626613888,1.1817288678271674,0.14684249870855537,3000.0
0.4,1.246553749715858,0.9564398922301456,0.07252846437142813,3000.0
0.4,2.3027158887502246,2.468743006790918,0.12452033853052002,3000.0
0.4,1.7357964408822855,2.344267209274592,0.45635307629423005,3000.0
0.4,1.5812970637420205,1.4228611181259796,0.03960898640401023,3000.0
0.4,0.9321737870865492,1.1677893172725409,0.17671164763949376,3000.0
0.4,1.8968879337471336,1.737844558599764,0.039760843786842415,3000.0
0.4,2.2618679193268534,2.3763303293424856,0.08584680751172413,3000.0
0.4,1.9371240130137335,1.7192197894099457,0.05447605590094695,3000.0
0.4,1.778989161899339,1.8575712247773972,0.058936547158543684,3000.0
0.4,2.1426597068475948,2.253174405913855,0.08288602429969516,3000.0
0.4,0.9191828697767354,0.910036863134478,0.0022865016605643496,3000.0
0.4,1.6509486925620878,1.7672226611663264,0.087205476453179,3000.0
0.4,1.560675369683845,1.4182816235180902,0.03559843654143868,3000.0
0.4,1.7363689176160229,1.3767835294073432,0.08989634705216992,3000.0
0.4,0.8790351684001435,0.9314564864686348,0.03931598855136845,3000.0
0.4,1.300128366785146,1.0443813247570717,0.06393676050701858,3000.0
0.4,1.2079559082892681,1.1293601019758557,0.019648951578353113,3000.0
0.4,2.8956454423328943,2.609832977780686,0.07145311613805205,3000.0
0.4,0.849926766154338,0.4185461767954304,0.10784514733972692,3000.0
0.4,1.5384255506177842,1.5874808860683147,0.0367915015878979,3000.0
0.4,1.8825475136247165,1.621649472814383,0.06522451020258335,3000.0
0.4,1.2525575681728225,0.917789255167658,0.08369207825129113,3000.0
0.4,1.3820410648745032,1.0610141137584967,0.08025673777900161,3000.0
0.4,1.4304547716596523,1.5137835843865877,0.06249660954520153,3000.0
0.4,1.6567607769510315,1.397186471703481,0.06489357631188764,3000.0
0.4,1.379276485104242,0.9940993891131747,0.09629427399776683,3000.0
0.4,1.447733654727424,1.112418035963768,0.08382890469091397,3000.0
0.4,0.9538679729171946,1.148352890495489,0.14586368818372075,3000.0
0.4,1.1752566426281463,1.0583278824955795,0.029232190033141703,3000.0
0.4,1.1673745509830962,1.049496924383695,0.029469406649850316,3000.0
0.4,1.2151594310539242,1.1852983099313603,0.0074652802806409735,3000.0
0.4,1.9919863222217125,2.0169400537131374,0.018715298618568743,3000.0
0.4,1.3535745706927944,1.503024378965744,0.11208735620471222,3000.0
0.4,1.1895544778533986,1.30568814445028,0.08710024994766097,3000.0
0.4,1.594135070619458,1.8685456795547792,0.205807956701491,3000.0
0.4,1.8633894440422114,1.5405251298914475,0.08071607853769097,3000.0
0.4,2.0056585811732024,1.9797237542048385,0.006483706742090978,3000.0
0.4,2.816811814178795,2.5942959752149353,0.055628959740964934,3000.0
0.4,2.971380066355528,3.0966056360771392,0.09391917729120836,3000.0
0.4,1.9708136475704827,1.9065456904095064,0.016066989290244083,3000.0
0.4,1.5593735447754227,1.0513436858179197,0.12700746473937574,3000.0
0.4,1.5485337356561193,1.6309542284184455,0.06181536957174466,3000.0
0.4,1.9693243537511265,1.4750406089362662,0.12357093620371506,3000.0
0.4,1.359328853884827,0.9600864875806844,0.09981059157603564,3000.0
0.4,1.783852849286097,1.7060839752914132,0.01944221849867095,3000.0
0.4,1.4392208584639836,1.3591753462397007,0.020011378056070728,3000.0
0.4,1.8752116768381648,1.56507524077892,0.07753410901481123,3000.0
0.4,1.3127220810840179,1.1990465968407358,0.028418871060820527,3000.0
0.4,1.1235825320402875,0.744094533571881,0.0948719996171016,3000.0
0.4,2.2296597231175466,1.795453817166122,0.10855147648785612,3000.0
0.4,0.9251591630762416,0.4681054865818468,0.11426341912359869,3000.0
0.4,0.89661210052458,0.6195527237819121,0.06926484418566697,3000.0
0.4,1.7206801067196928,1.7430507467580063,0.016777980028735096,3000.0
0.4,2.8214107198028704,3.472446397154186,0.4882767580134868,3000.0
0.4,1.57025612380229,1.5376106282769129,0.008161373881344303,3000.0
0.4,1.5673751716796134,1.422123336939423,0.03631295868504758,3000.0
0.4,1.288738919790668,1.1118752892239956,0.044215907641668106,3000.0
0.4,1.3954058577065334,1.727996723203633,0.24944314912282478,3000.0
0.4,1.2201291185521974,0.8328090971240044,0.09683000535704825,3000.0
0.4,2.4494418977881263,2.2392027078290173,0.05255979748977724,3000.0
0.4,1.5125664120830535,0.9122567165926102,0.15007742387261083,3000.0
0.4,1.500255612790362,1.1146060419022337,0.09641239272203206,3000.0
0.4,2.6941826535531246,2.1196584990427945,0.14363103862758253,3000.0
0.4,1.5581826453022531,1.9454141674604513,0.2904236416186486,3000.0
0.4,1.1673309661220652,0.8493979004826239,0.07948326640986034,3000.0
0.4,2.4997228309306228,2.478693121264966,0.005257427416414218,3000.0
0.4,1.4579773582746642,1.158977799094285,0.07474988979509478,3000.0
0.4,2.2393716529355965,2.0073776119635656,0.05799851024300773,3000.0
0.4,0.9839598323787572,0.6727770764734712,0.0777956889763215,3000.0
0.4,1.3842816034938124,1.034238250278986,0.0875108383037066,3000.0
0.4,1.475125974031328,1.6485720766570566,0.13008457696929643,3000.0
0.4,1.6744027133367414,1.771003498761366,0.07245058906846852,3000.0
0.4,1.559276875748383,1.665690357374235,0.07981011121938897,3000.0
0.4,1.8054252424931914,1.839734654432184,0.025732058954244463,3000.0
0.4,1.4535791958911688,1.345432023972448,0.027036792979680202,3000.0
0.4,1.614139034212894,1.0640273924291384,0.13752791044593893,3000.0
0.4,2.1051707910136113,2.0131980525803534,0.022993184608314454,3000.0
0.4,1.2148245488514027,1.2480628127383888,0.024928697915239606,3000.0
0.4,0.9893169462314843,0.5767887295718118,0.10313205416491811,3000.0
0.4,2.4239157147069377,1.9678350179668176,0.11402017418503002,3000.0
0.4,1.8771593139810405,1.4776850787335802,0.09986855881186507,3000.0
0.4,2.0840593612113802,1.7813727838066238,0.07567164435118912,3000.0
0.4,2.0223521473872847,1.8827551451647635,0.03489925055563031,3000.0
0.4,2.275926909820716,2.3498601865273185,0.05544995752995174,3000.0
0.4,1.4820764264892137,1.404095858409113,0.01949514202002517,3000.0
0.4,2.325802298107082,2.0419182275155743,0.07097101764787694,3000.0
0.4,1.424642330837073,1.2693864721110928,0.03881396468149506,3000.0
0.4,1.586350672730206,1.4138213109211837,0.04313234045225556,3000.0
0.4,1.0081576289015082,0.972972460996153,0.0087962919763388,3000.0
0.4,1.5892057552598435,1.743620558075902,0.11581110211204393,3000.0
0.4,1.7967892244497372,1.6382825561925871,0.039626667064287524,3000.0
0.4,2.9551195165196726,2.4716635277684835,0.12086399718779728,3000.0
0.4,2.2528285658025227,1.8318659035029736,0.10524066557488726,3000.0
0.4,1.0842928722586869,0.6337577528343036,0.11263377985609582,3000.0
0.4,2.5145967358194756,2.4207470886843896,0.02346241178377151,3000.0
0.4,1.3042809944400326,1.2931143850478353,0.002791652348049345,3000.0
0.4,0.9792460065614265,0.3376003495587333,0.1604114142506733,3000.0
0.4,1.8798650792395437,1.260096312660028,0.15494219164487893,3000.0
0.4,1.8804375156387525,1.464963249638987,0.10386856649994136,3000.0
0.4,2.8508330680445235,2.5938654444545266,0.06424190589749923,3000.0
0.4,0.9676491339536085,1.084448355706532,0.08759941631469267,3000.0
0.4,1.8389854658478584,1.4699444725757171,0.09226024831803531,3000.0
0.4,2.732033452250222,2.8443021431998456,0.08420151821221766,3000.0
0.4,1.461928318705238,0.7063455092005356,0.18889570237617562,3000.0
0.4,1.6143820726510112,1.6026299007251192,0.002938042981472988,3000.0
0.4,2.024487195179808,1.63705451151007,0.09685817091743448,3000.0
0.4,1.9619494600312872,1.896219984893096,0.01643236878454779,3000.0
0.4,2.4930130530171044,2.470064434530537,0.005737154621641816,3000.0
0.4,1.1882503978727619,1.2904791959666058,0.07667159857038292,3000.0
0.4,1.3354364279637485,1.2185715217118402,0.029216226562977066,3000.0
0.4,1.0800819375234334,0.5067266913595344,0.14333881154097475,3000.0
0.4,2.1116154804053844,2.077398978036544,0.008554125592210138,3000.0
0.4,2.72680731759998,2.6875815225869175,0.00980644875326564,3000.0
0.4,1.541213015765056,1.386300496215384,0.03872812988741803,3000.0
0.4,1.5590339608303276,1.665596123252809,0.07992162181686097,3000.0
0.4,1.2525142201190096,1.50660302802865,0.1905666059322303,3000.0
0.4,1.9374618616783568,1.8663309742688328,0.017782721852381,3000.0
0.4,1.6355460185946253,1.4318870010121754,0.050914754395612494,3000.0
0.4,1.2638938362039591,1.2459771351223836,0.004479175270393876,3000.0
0.4,2.764773042239657,2.8731510231923334,0.08128348571450728,3000.0
0.4,1.8126709571723876,1.8937206175845485,0.06078724530912066,3000.0
0.4,2.1870332276328406,1.9897258423044764,0.04932684633209106,3000.0
0.4,1.4005627307567141,1.0841779214111176,0.07909620233639914,3000.0
0.4,1.6707213935879048,1.1045379399524091,0.14154586340887393,3000.0
0.4,0.8318969337373776,1.0655092277138682,0.17520922048236798,3000.0
0.4,1.5259336970401711,1.8105804168679365,0.213485039870824,3000.0
0.4,1.8582799657056825,1.6584523094599664,0.04995691406142905,3000.0
0.4,2.3423969929591055,2.071440638840159,0.06773908852973665,3000.0
0.4,1.5582379893307097,1.742163105229553,0.13794383692413248,3000.0
0.4,1.989831787057966,1.5184495567913217,0.1178455575666611,3000.0
0.4,1.6173568420041962,1.1124542486521651,0.12622564833800776,3000.0
0.4,1.6658932850629136,1.49804118938215,0.04196302392019091,3000.0
0.4,0.9908458526449984,0.8833313716454312,0.026878620249891794,3000.0
0.4,3.201758059212828,3.172812516812442,0.007236385600096429,3000.0
0.4,2.536641225459089,2.552923500462743,0.012211706252740484,3000.0
0.4,1.875170567540457,1.713734412812125,0.040359038682083015,3000.0
0.4,1.3746791231424076,1.3542585918821348,0.005105132815068192,3000.0
0.4,1.2929382953401716,0.9042018191257912,0.09718411905359509,3000.0
0.4,1.8118472747673413,1.6805611879152216,0.03282152171302993,3000.0
0.4,1.4029976930994772,1.1020482945944885,0.07523734962624717,3000.0
0.4,1.8560775166587007,1.596183738776725,0.06497344447049391,3000.0
0.4,1.340358578306063,1.278008041345445,0.015587634240154469,3000.0
0.4,1.902288359675711,1.548280034442126,0.08850208130839626,3000.0
0.4,1.5099190453508569,0.8767766232006242,0.15828560553755816,3000.0
0.4,1.942498890117712,2.007127602514595,0.04847153429766238,3000.0
0.4,1.209130449795394,1.069930999910392,0.0347998624712505,3000.0
0.4,1.7846545462385581,2.059679603694646,0.2062687930920658,3000.0
0.4,0.9927639638253758,0.9595772493049826,0.008296678630098309,3000.0
0.4,1.9734743928636163,1.6322044291831703,0.08531749092011148,3000.0
0.4,2.0814905952701315,2.20425245066617,0.09207139154702892,3000.0
0.4,2.3670436428705863,2.4422013742210993,0.05636829851288472,3000.0
0.4,1.0386341120125933,1.115920297579419,0.05796463917511924,3000.0
0.4,2.254702691787738,2.285645869936375,0.023207383611477672,3000.0
0.4,2.1142068949476425,1.928595576777166,0.046402829542619095,3000.0
0.4,1.0706735541170402,0.9142861746158368,0.03909684487530085,3000.0
0.4,1.376675286222366,1.3240556912834254,0.013154898734735132,3000.0
0.4,1.6944649333278377,2.1257305184688873,0.3234491888557872,3000.0
0.4,2.6807100484907833,2.4224159438969695,0.06457352614845346,3000.0
0.4,1.9525985797053023,1.4444892993685687,0.12702732008418338,3000.0
0.4,1.816460263897536,1.7255215285016925,0.02273468384896088,3000.0
0.4,1.8801673419065295,1.8350984980425755,0.011267210965988483,3000.0
0.4,1.7262377169560021,1.7408884253503614,0.010988031295769418,3000.0
0.4,1.1758713905648521,0.7537095721179643,0.10554045461172196,3000.0
0.4,1.4137722597284992,1.0228528586005683,0.09772985028198272,3000.0
0.4,2.2939534818676157,1.8966692066890452,0.09932106879464264,3000.0
0.4,1.9637669310696535,1.3701701000889936,0.14839920774516496,3000.0
0.4,0.9659845650773803,0.7101972706724001,0.06394682360124504,3000.0
0.4,1.1940000725491702,1.083133810941627,0.027716565401885773,3000.0
0.4,1.5262045277574765,1.5773821801580012,0.03838323930039356,3000.0
0.4,1.811926397596735,1.6484059416327053,0.04088011399100744,3000.0
0.4,1.359021389789795,1.221094459192737,0.03448173264926446,3000.0
0.4,1.0628338515482285,1.0258268838795448,0.00925174191717093,3000.0
0.4,3.414223028170752,3.347823857048005,0.016599792780686795,3000.0
0.4,1.1869173471891572,1.377247047506289,0.14274727523784886,3000.0
0.4,1.1951461017536977,1.0398632880088294,0.038820703436217074,3000.0
0.4,1.053099643307693,0.99294040634692,0.015039809240193214,3000.0
0.4,1.5589166886491035,0.9133891178082312,0.16138189271021808,3000.0
0.4,1.4784004321312243,1.3900817228216016,0.022079677327405678,3000.0
0.4,1.7018155002170456,1.6816648207521545,0.005037669866222783,3000.0
0.4,1.3594869816648043,0.4988275944416622,0.21516484680578551,3000.0
0.4,1.8883270700628563,1.5955846216318186,0.07318561210775942,3000.0
0.4,0.7151190625387389,0.6201522761961233,0.023741696585653893,3000.0
0.4,1.8138916557844909,1.7742444160399014,0.009911809936147375,3000.0
0.4,1.8745915227447747,1.7230664401510667,0.037881270648427,3000.0
0.4,1.6248723413513915,1.5730335306744383,0.012959702669238293,3000.0
0.4,1.3782768827710798,1.6046823443468992,0.16980409618186448,3000.0
0.4,1.3967411322948418,1.2208906608186618,0.043962617869044984,3000.0
0.4,1.4846337492958774,1.580230415739745,0.07169749983290075,3000.0
0.4,1.5900931623202093,1.3181121479613758,0.06799525358970837,3000.0
0.4,2.556213500236607,2.4685390936724554,0.02191860164103787,3000.0
0.4,1.685743790510392,1.2187137927576432,0.1167574994381872,3000.0
0.4,2.0038568511219097,2.038080482508594,0.02566772354001312,3000.0
0.4,0.8626734333510606,0.7617402477648113,0.025233296396562327,3000.0
0.4,2.4337174182823094,2.2701040327677746,0.04090334637863369,3000.0
0.4,2.2662929641898,1.9061499796690864,0.0900357461301784,3000.0
0.4,1.4567340413872394,1.2167565950643482,0.0599943615807228,3000.0
0.4,1.1073012738050314,1.21159856112507,0.07822296549002888,3000.0
0.4,3.1116762079212577,2.931310719025011,0.04509137222406168,3000.0
0.4,1.1421873846294737,1.0886090218243334,0.01339459070128507,3000.0
0.4,1.9538336118300408,1.4845806607205607,0.11731323777737002,3000.0
0.4,1.8004324869307378,1.4580342212278383,0.08559956642572486,3000.0
0.4,1.4117683263314817,1.4204342960375085,0.0064994772795200495,3000.0
0.4,1.2735590267595276,1.1434853314142042,0.032518423836330856,3000.0
0.4,1.4241034655871034,1.1017258272897683,0.08059440957433378,3000.0
0.4,0.9233539137724138,0.3814383378956921,0.13547889396918045,3000.0
0.4,1.3292278182742112,1.1811019279745891,0.03703147257490552,3000.0
0.4,1.2483537990566953,0.8090254182828708,0.10983209519345613,3000.0
0.4,1.6411353165379774,1.757916808433094,0.0875861189213375,3000.0
0.4,1.740713257236471,1.5317019760665849,0.052252820292471525,3000.0
0.4,0.9200816746954142,1.203995501550176,0.2129353701410713,3000.0
0.4,1.8135000186938217,1.90462020125768,0.06834013692289376,3000.0
0.4,2.489196194652034,2.12935537711925,0.08996020438319596,3000.0
0.4,1.44743394259919,1.167748684282274,0.06992131457922901,3000.0
0.4,0.9302658030256709,0.756335353002335,0.04348261250583396,3000.0
0.4,1.0721783643522371,1.0766752277271725,0.0033726475312015336,3000.0
0.4,1.0144176898717743,1.6046638470914878,0.44268461791478514,3000.0
0.4,1.4541170425591372,0.8824661038077918,0.14291273468783636,3000.0
0.4,1.6138831738025716,1.1398497414285955,0.11850835809349403,3000.0
0.4,1.2513839558366096,1.3691365146437715,0.08831441910537147,3000.0
0.4,2.0855258663059346,1.6673022282874994,0.1045559095046088,3000.0
0.4,1.6302872737359568,1.5693778256892614,0.01522736201167385,3000.0
0.4,2.2522738145161205,2.2662871623458924,0.010510010872328945,3000.0
0.4,1.9846275407894551,1.8216084832904864,0.04075476437474218,3000.0
0.4,1.0869349128272086,1.1764380195653328,0.06712733005359317,3000.0
0.4,2.3344721338344616,2.1607876541217927,0.04342111992816722,3000.0
0.4,1.4629645888149334,1.392109629704584,0.017713739777587334,3000.0
0.4,1.5723220235045088,1.4268122750654193,0.03637743710977237,3000.0
0.4,1.3529702735917994,1.4609264963482502,0.08096716706733809,3000.0
0.4,2.485891675005178,2.593198340957219,0.08047999946403073,3000.0
0.4,1.7977410649226653,1.8749796199060471,0.057928916237536376,3000.0
0.4,1.0680754890843833,0.3277764163728702,0.18507476817787827,3000.0
0.4,1.3091976712352167,0.887303026431593,0.10547366120090593,3000.0
0.4,0.7770136603316201,0.7998515385708523,0.017128408679424167,3000.0
0.4,3.1033430824036103,2.803664122110635,0.07491974007324387,3000.0
0.4,2.0005720060334737,1.9106119532187944,0.022490013203669834,3000.0
0.4,2.4119659738521393,2.6169626039112965,0.15374747254436794,3000.0
0.4,1.5885464261959636,1.7027289553525125,0.0856368968674116,3000.0
0.4,1.6203295099453716,1.4082672947089456,0.0530155538091065,3000.0
0.4,1.003599064471542,1.330220914691112,0.24496638766467743,3000.0
0.4,1.224477725364385,0.9355963110883336,0.07222035356901285,3000.0
0.4,1.48793950504318,1.5811620905560388,0.06991693913464408,3000.0
0.4,2.0360695485643054,1.827474826200884,0.05214868059085537,3000.0
0.4,1.2394044749459339,1.1550021371349648,0.021100584452742266,3000.0
0.4,1.4210181355661395,1.5250994849831605,0.07806101206276572,3000.0
0.4,0.955267463109813,0.4658340472437121,0.12235835396652524,3000.0
0.4,1.714145007244785,2.009315347057199,0.22137775485931044,3000.0
0.4,1.2914866623868435,0.8241577573650042,0.11683222625545983,3000.0
0.4,1.4966222979796258,1.8653748382239237,0.27656440518322345,3000.0
0.4,1.9377500235310618,1.9188033893662808,0.00473665854119526,3000.0
0.4,1.924887369510468,1.5963818071037696,0.08212639060167459,3000.0
0.4,1.6853560780674233,1.3545149752080925,0.08271027571483269,3000.0
0.4,2.875816685369782,2.973038359800471,0.07291625582301664,3000.0
0.4,3.2944331899866643,2.74311505487849,0.13782953377704354,3000.0
0.4,2.2610026375798493,2.0654047625069003,0.04889946876823725,3000.0
0.4,2.264216969297813,1.5752342859111756,0.17224567084665932,3000.0
0.4,0.909146582447026,0.6213073540751481,0.07195980709296945,3000.0
0.4,1.5450851754131905,1.298823411284018,0.06156544103229311,3000.0
0.4,1.4135999917335675,1.186713052403522,0.05672173483251136,3000.0
0.4,1.2030434801788084,1.151348274970535,0.012923801302068327,3000.0
0.4,1.8822082217657143,1.057579638757436,0.20615714575206956,3000.0
0.4,1.6390241942038182,1.8026869125966596,0.12274703879463106,3000.0
0.4,1.6969549392351018,1.8178593820136104,0.09067833208388149,3000.0
0.4,1.271260512550714,1.064744697195803,0.05162895383872773,3000.0
0.4,1.506009452241395,1.4396080762089307,0.016600344008116052,3000.0
0.4,2.244354494590417,1.7583805595124744,0.12149348376948566,3000.0
0.4,1.3076828058954812,0.9749240077699878,0.08318969953137337,3000.0
0.4,1.9197543900027734,1.9033036897125348,0.004112675072559635,3000.0
0.4,1.3258855735750894,1.2251828311636823,0.02517568560285177,3000.0
0.4,1.4733575126073244,1.123444782188728,0.08747818260464912,3000.0
0.4,1.2837529176933886,0.7012412184412764,0.14562792481302805,3000.0
0.4,1.7679492166601791,1.534725185740314,0.0583060077299663,3000.0
0.4,1.5392087762766962,1.6674090569098785,0.09615021047488675,3000.0
0.4,1.5177953644908784,1.8832308907594664,0.274076644701441,3000.0
0.4,2.4594032636387877,2.4349419768508938,0.006115321696973486,3000.0
0.4,1.4674541930091742,1.2557077943650363,0.05293659966103448,3000.0
0.4,0.8201269831432763,0.5628008516316216,0.06433153287791366,3000.0
0.4,1.1623619676497237,1.2368592674215768,0.055872974828889865,3000.0
0.4,1.6579118403823327,1.7363882357002185,0.05885729648841431,3000.0
0.4,1.055918046488594,1.0347132148328069,0.005301207913946782,3000.0
0.4,1.0989872764780657,0.8308534091715056,0.06703346682664002,3000.0
0.4,1.6844108040327337,1.4848248627927616,0.04989648530999302,3000.0
0.4,0.844299081586182,0.9902263611904442,0.10944545970319658,3000.0
0.4,1.8678565409177497,1.770101467220001,0.02443876842443715,3000.0
0.4,1.4297289593884221,1.276248629555614,0.03837008245820206,3000.0
0.4,1.618244418727267,1.5959836138272498,0.005565201225004313,3000.0
0.4,1.0456942741771875,0.8884038831753769,0.03932259775045266,3000.0
0.4,1.4159951236487933,1.3098252240942745,0.026542474888629708,3000.0
0.4,0.8116092266358769,0.5191731731248621,0.07310901337775369,3000.0
0.4,1.1183528526424278,1.0321336276340622,0.021554806252091385,3000.0
0.4,1.9933404433658233,1.3400124795974335,0.16333199094209744,3000.0
0.4,1.42974973327689,1.7557168942310943,0.24447537071565323,3000.0
0.4,1.3208382741686537,1.063201554512221,0.06440917991410816,3000.0
0.4,2.1103575081722883,2.030316098246792,0.02001035248137406,3000.0
0.4,1.1007117289280075,0.7212859340138491,0.0948564487285396,3000.0
0.4,2.2999341827098188,2.226672273711498,0.01831547724958016,3000.0
0.4,1.6669765409094195,1.546355459107526,0.030155270450473393,3000.0
0.4,1.2677663405784039,1.225501091874975,0.01056631217585724,3000.0
0.4,1.0426218613513443,0.5549843249277198,0.12190938410590613,3000.0
0.4,2.188188070926175,2.1159949212409668,0.018048287421302045,3000.0
0.4,2.31884177466491,2.193764922265251,0.031269213099914706,3000.0
0.4,1.828572212267856,1.8966517815381936,0.05105967695275315,3000.0
0.4,1.382885644251646,1.0492519212741247,0.08340843074438031,3000.0
0.4,1.2770641284876159,0.9718872809238462,0.0762942118909424,3000.0
0.4,1.7553576817949141,1.7438680739754375,0.0028724019548691526,3000.0
0.4,1.740815849495054,2.234516923314718,0.3702758053647481,3000.0
0.4,1.8629230044180225,1.6968446408223967,0.041519590898906444,3000.0
0.4,2.2467909170791334,1.7802259204640336,0.11664124915377494,3000.0
0.4,1.6570531717919899,1.184548586033692,0.11812614643957448,3000.0
0.4,1.9081334287317493,1.546268147958474,0.09046632019331885,3000.0
