Selected_Bandwidth,Decision_Q,Demand_D,Operation_Cost
0.15,7.212479214732564,6.647882721645148,0.14114912327185403
0.15,7.116869151650104,6.069128520675921,0.2619351577435458
0.15,7.417751078754584,7.38116342044367,0.009146914577728538
0.15,8.138860173327904,8.370221655344132,0.17352111151217064
0.15,6.693038375434218,4.561342711478334,0.5329239159889712
0.15,5.810144383363506,5.600524871232609,0.0524048780327242
0.15,7.5072069557645085,7.240429576944936,0.0666943447048931
0.15,7.787977115961189,7.743650083165275,0.011081758198978386
0.15,5.653321307960892,4.249420060467773,0.3509753118732799
0.15,7.326745530772789,7.356193263453529,0.022085799510555226
0.15,9.1137890752523,8.245287872813604,0.21712530060967383
0.15,7.307459307582821,6.604085395595078,0.17584347799693578
0.15,7.386846497697128,5.83641390086446,0.3876081492081671
0.15,8.455533661079485,7.633585979240769,0.20548692045967898
0.15,8.55555265001197,8.588356855922845,0.02460315443315597
0.15,7.364138592314492,7.617155141666202,0.1897624120137822
0.15,7.299978681191048,7.186818130553385,0.028290137659415793
0.15,8.889955138698545,8.63906705925702,0.06272201986038128
0.15,7.073799711306529,6.928502365150843,0.03632433653892164
0.15,6.442406978262368,5.372933063921732,0.2673684785851591
0.15,7.356813550625212,7.368908185852331,0.009070976420339383
0.15,8.414548227231878,6.712241744143829,0.4255766207720122
0.15,9.594528858856338,8.839715667956092,0.18870329772506134
0.15,7.424581905384339,7.72413615533253,0.22466568746114302
0.15,8.310336958808314,8.293301828947808,0.004258782465126565
0.15,7.345466546965262,7.636369942425065,0.21817754659485278
0.15,5.392291608596842,5.549219053799084,0.11769558390168133
0.15,8.923304150374983,8.45636492604844,0.11673480608163578
0.15,7.829306369750274,7.4269887190551165,0.10057941267378934
0.15,7.617009320516258,7.322705968463584,0.07357583801316858
0.15,4.735980152721018,4.2347587644662585,0.1253053470636898
0.15,5.594689810424624,5.694435670006459,0.07480939468637593
0.15,8.071114959894876,8.040255608807964,0.007714837771727989
0.15,8.18937575195349,7.48863065816787,0.17518627344640492
0.15,7.1786089792546175,5.3816812768307525,0.44923192560596625
0.15,5.143531039896524,6.615004617851377,1.10360518346614
0.15,5.529005874147028,4.760259045676364,0.19218670711766617
0.15,8.470698496670261,8.829569438165763,0.2691532061216262
0.15,8.028373255642219,8.121151681880852,0.06958381967897465
0.15,7.581353432914501,6.617933006154213,0.24085510669007193
0.15,8.362727767610943,8.529601327351656,0.12515516980553487
0.15,6.839647245512555,6.739269807722606,0.02509435944748728
0.15,7.067033473807584,5.776281109534764,0.32268809106820484
0.15,8.766048312598475,8.349955544587212,0.10402319200281562
0.15,6.964509483375189,7.160250192360396,0.14680553173890476
0.15,9.094895480773877,9.299498739924571,0.15345244436302075
0.15,8.686605713139466,8.76592325801817,0.05948815865902768
0.15,6.299206523843356,5.399689769287619,0.2248791886389343
0.15,8.236772485307164,7.81977123463124,0.10425031266898088
0.15,7.495588315810085,6.474276928615714,0.2553278467985929
0.15,6.784358769272127,6.559631973442978,0.056181698957287196
0.15,7.816799739776101,7.672635685358475,0.03604101360440648
0.15,8.768011917887707,8.16827442244488,0.14993437386070685
0.15,10.696383998476223,10.809229747908192,0.08463431207397676
0.15,6.372340481220272,5.96369117254267,0.10216232716940055
0.15,6.517955680582729,4.657506394049988,0.46511232163318517
0.15,4.297294594265129,3.0226680920923816,0.31865662554318674
0.15,9.428957986602406,9.562109237828384,0.09986343841948386
0.15,8.24246672603296,8.401657113653469,0.11939279071538156
0.15,6.367279447313185,3.7282121157346872,0.6597668328946243
0.15,8.003487809508405,7.519497151166587,0.12099766458545447
0.15,7.883877898359217,7.3559362499015855,0.13198541211440795
0.15,7.244582108151232,6.907489127148096,0.08427324525078417
0.15,7.044568625988642,6.462415063605655,0.1455383905957468
0.15,7.888025650949582,5.828392486736234,0.5149082910533371
0.15,8.336874992851374,7.350554198101152,0.24658019868755554
0.15,7.481766773488392,5.520843047119594,0.49023093159219955
0.15,7.569134852659561,8.045326808450309,0.35714396684306093
0.15,7.579543396105909,6.15967923873037,0.3549660393438847
0.15,7.246964059043624,7.352947173698879,0.07948733599144076
0.15,6.97582589406761,7.00530873135979,0.022112127969135198
0.15,6.1407331295695675,4.931384570730782,0.30233713970969633
0.15,5.8242286325721535,5.8639149321462885,0.029764724680601207
0.15,8.100653750461435,8.06833886229326,0.00807872204204374
0.15,7.395765649897671,7.401530245855447,0.004323446968332423
0.15,7.136591341989993,6.758510612962194,0.09452018225694969
0.15,5.819726262433315,4.9585243829329135,0.21530046987510043
0.15,8.427620616847273,9.547184261090406,0.8396727331823497
0.15,8.1426092223647,8.339088209038469,0.14735924000532696
0.15,6.373530050331377,4.96563439389995,0.35197391410785683
0.15,8.088163154642624,8.59949300144856,0.38349738510445164
0.15,8.41385357954944,8.4722661396053,0.04380942004189503
0.15,8.147001487371083,9.10844749453356,0.721084505371858
0.15,7.222361585596147,5.945914630527893,0.31911173876706345
0.15,5.416026724001011,3.669508905189076,0.43662945470298364
0.15,8.310807009464712,7.706127490394103,0.1511698797676524
0.15,6.9323806818394464,5.838929845330923,0.2733627091271309
0.15,7.617009320516258,7.557836825864828,0.014793123662857566
0.15,8.810585495683277,8.628069048500267,0.045629111795752575
0.15,8.138860173327904,7.582459669883048,0.13910012586121412
0.15,8.939727815184794,7.384994329218125,0.3886833714916673
0.15,8.28221027949659,7.379233057045405,0.22574430561279635
0.15,7.849601236814888,5.942075818678777,0.4768813545340278
0.15,7.353570855116928,6.210326580880682,0.2858110685590616
0.15,8.39464618829024,8.740940060364482,0.2597204040556811
0.15,7.617964482606461,6.918031195312704,0.17498332182343934
0.15,9.328771427769942,9.09346012194689,0.0588278264557629
0.15,7.701782555785288,7.351342341026931,0.08761005368958918
0.15,7.585006406656566,7.189117746125945,0.09897216513265539
0.15,7.114958537666869,5.598384718841744,0.3791434547062813
0.15,8.968358255875488,8.360231973995278,0.15203157047005256
0.15,8.147559528414622,7.084290462945717,0.26581726636722625
0.15,8.397700402216561,6.909913110163778,0.3719468230131957
0.15,6.47663144590001,6.221549453344313,0.06377049813892421
0.15,5.506379380681057,4.734290924197549,0.193022114120877
0.15,8.573303953475378,9.40039083531823,0.6203151613821394
0.15,6.2927812140065855,5.373975207430162,0.22970150164410597
0.15,6.0366000084950375,4.189707995521726,0.46172300324332793
0.15,5.597644105247622,4.155728730772765,0.3604788436187143
0.15,6.717653263133152,6.041198847179962,0.16911360398829745
0.15,7.719182432446383,7.207260403886826,0.12798050713988918
0.15,7.789523651688193,6.61568262484325,0.2934602567112359
0.15,8.40160355493213,7.46851850237765,0.23327126313862
0.15,8.784805926884413,8.243617839779487,0.13529702177623149
0.15,6.678286320670759,6.578948589081397,0.024834432897340664
0.15,8.51601991404188,8.489320832209383,0.006674770458124257
0.15,5.686973522359764,5.530401662544552,0.039142964953803094
0.15,7.071262273251093,4.8431189621851125,0.5570358277664951
0.15,7.680190207695188,7.162200636319597,0.1294973928438976
0.15,7.243461897093583,6.273194090004834,0.24256695177218734
0.15,8.104212146341826,6.748386683537664,0.3389563657010406
0.15,6.803703075211224,7.25489334077795,0.3383926991750441
0.15,8.18937575195349,8.045164780414488,0.036052742884750355
0.15,7.608696908208985,7.160954727856468,0.1119355450881292
0.15,7.666544061051279,7.242786150588952,0.10593947761558176
0.15,4.6510587405273975,3.5328155103779473,0.27956080753736257
0.15,8.408125893375695,8.9550868923893,0.41022074926020347
0.15,8.623815180107874,8.55408661791668,0.017432140547798625
0.15,7.604178966757928,6.4633432664940385,0.2852089250659724
0.15,8.968358255875488,7.88114723997332,0.2718027539755421
0.15,7.632117469076672,7.347821198658423,0.07107406760456225
0.15,6.250441712617898,3.842113681650487,0.6020820077418528
0.15,6.509672295094152,4.439419900665761,0.5175630986070978
0.15,6.1748814763074575,4.806537437987406,0.3420860095800129
0.15,8.244140605784068,6.732504005683391,0.3779091500251692
0.15,8.507992582065055,8.491778242919187,0.004053584786467113
0.15,7.185751908648184,6.830037250953372,0.08892866442370306
0.15,8.51601991404188,8.551041804607205,0.026266417923993757
0.15,6.850374681075607,6.499256106220656,0.0877796437137377
0.15,7.99265843217488,6.905432782867599,0.27180641232682023
0.15,9.141678029948263,8.399780465255711,0.18547439117313802
0.15,6.465317757366251,5.660319592883487,0.20124954112069116
0.15,6.701386555858213,5.967745536013123,0.1834102549612726
0.15,8.47566571636726,9.154171218600132,0.5088791266746537
0.15,7.341514501189597,6.560310501995042,0.19530099979863857
0.15,7.423514282812763,6.805037384346997,0.1546192246164415
0.15,7.450223195985137,7.149588046244454,0.07515878743517068
0.15,8.907406210905572,7.7418902421199105,0.2913789921964154
0.15,9.53345631235414,8.828005567338721,0.17636268625385476
0.15,9.117556362889763,8.790124470396343,0.08185797312335508
0.15,7.784738765044746,7.3100895645435635,0.11866230012529555
0.15,5.011085025938611,4.298710512798951,0.17809362828491504
0.15,7.569134852659561,6.054436905491594,0.3786744867919918
0.15,8.9910480831058,9.887518721427266,0.6723529787410993
0.15,8.484441346732286,7.204292276573823,0.3200372675396157
0.15,7.387078191410368,6.795819682241576,0.14781462729219808
0.15,7.9657201769284045,7.374035613244254,0.1479211409210377
0.15,7.673560445989728,5.504957673579231,0.5421506931026243
0.15,10.3179925147519,9.84488647366809,0.11827651027095243
0.15,6.449255132493354,4.794665316366637,0.41364745403167924
0.15,5.997363339063383,5.165762993236595,0.2079000864566969
0.15,5.364521755887549,4.986531208648288,0.09449763680981516
0.15,7.312086526111744,6.357983250131357,0.23852581899509673
0.15,8.923304150374983,8.435349677648638,0.12198861818158635
0.15,6.041010304609097,5.0078185623551565,0.2582979355634851
0.15,5.883703405063125,6.001933957799062,0.08867291455195248
0.15,6.79020109601405,5.885451028329082,0.22618751692124195
0.15,8.671444342757525,9.129311812695509,0.3434006024534879
0.15,7.967971298937683,8.686486695353272,0.5388865473116919
0.15,8.358914491319744,8.380134423962344,0.015914949481949936
0.15,7.665397120804367,6.522085090982955,0.285828007455353
0.15,6.491511582326407,5.885447925692174,0.15151591415855825
0.15,8.633777932890025,6.653678379992379,0.4950248882244115
0.15,7.827454990848037,6.547932752018495,0.3198805597073855
0.15,7.534892912291101,5.971535452456447,0.39083936495866345
0.15,7.971822178434918,6.309391311565074,0.415607716717461
0.15,6.488190388550238,5.368919292824464,0.27981777393144336
0.15,4.9883599048586325,3.346021479740168,0.4105846062796161
0.15,7.889829104659111,8.249902355908128,0.27005493843676276
0.15,7.739499194524133,7.33177881934594,0.1019300937945482
0.15,8.535350292489632,7.813767240581875,0.18039576297693927
0.15,5.102300285291918,5.106140373545458,0.0028800661901549063
0.15,8.446317066562948,7.954643147578163,0.12291847974619619
0.15,6.451089110330541,4.6044064784360295,0.46167065797362783
0.15,6.592621104001927,6.669730705676536,0.05783220125595667
0.15,7.351106345153688,6.992479958918713,0.08965659655874392
0.15,7.087299041957707,6.135311519258135,0.2379968806748931
0.15,8.651123748521032,8.864762147249863,0.16022879904662313
0.15,6.194491974290233,5.091034662865567,0.2758643278561663
0.15,7.58125790311302,7.475237688252578,0.02650505371511036
0.15,7.528670857719506,6.842013822667572,0.17166425876298352
0.15,10.58603559287032,9.469939998663817,0.279023898551626
0.15,6.369952029048622,5.201625483604955,0.29208163636091666
0.15,7.351106345153688,6.022155961456918,0.33223759592419255
0.15,7.622884647844034,7.014101931822848,0.1521956790052965
0.15,7.572874578427725,6.877847341679938,0.1737568091869468
0.15,9.279233193852155,8.155123288655865,0.28102747629907254
0.15,6.681477460998024,5.039107504919355,0.4105924890196673
0.15,7.995366935054033,6.526710831988735,0.36716402576632445
0.15,9.411037492390427,9.30846051297931,0.025644244852779163
0.15,6.295218188918128,5.815835967102867,0.11984555545381514
0.15,8.096853256294215,7.686637085284768,0.1025540427523619
0.15,7.091963151570812,4.485965744638456,0.6514993517330889
0.15,10.485334462909202,10.804380953659752,0.23928486806291227
0.15,7.442048151368466,6.91760100924657,0.13111178553047398
0.15,6.258564059623549,5.901932432116209,0.08915790687683489
0.15,7.911264262417689,7.627369015454432,0.0709738117408143
0.15,6.709365132703741,5.111493558983227,0.39946789343012856
0.15,7.922661796896201,6.742097726995509,0.29514101747517296
0.15,7.241891829805372,5.823014439547023,0.3547193475645871
0.15,6.929638792281164,6.385522064050052,0.13602918205777792
0.15,9.309643956413568,10.390451617459352,0.8106057457843376
0.15,8.349844725197494,7.041790309855705,0.3270136038354472
0.15,6.281378473592453,4.876533112016472,0.3512113403939954
0.15,6.982747904204755,5.497582063362847,0.3712914602104771
0.15,8.077212801096195,7.965602714393701,0.02790252167562346
0.15,6.009159129799746,4.047594052516551,0.4903912693207988
0.15,8.458952918477369,7.50781933238329,0.23778339652351965
0.15,5.612690806820455,4.340917993646231,0.31794320329355585
0.15,8.36533393085686,8.66136203843482,0.22202108068347037
0.15,5.954275062219871,5.393853141439038,0.1401054801952082
0.15,6.6817963834551435,6.129467690475076,0.13808217324501681
0.15,7.442048151368466,7.272224498836669,0.04245591313294916
0.15,6.299155100531461,5.735659554489043,0.1408738865106045
0.15,8.766774271661829,7.614605824221863,0.2880421118599914
0.15,8.31768263707343,7.63170965142342,0.17149324641250252
0.15,8.18503067270068,7.929091698729922,0.06398474349268968
0.15,6.1407331295695675,5.970018954367219,0.04267854380058722
0.15,8.048603257407951,8.058662645879153,0.007544541353401435
0.15,6.524952285276724,6.29365834223062,0.05782348576152607
0.15,7.721552924540168,6.520121596561566,0.3003578319946505
0.15,6.680016119190047,7.561650182613146,0.6612255475673241
0.15,5.590405161379478,4.338788090256418,0.31290426778076497
0.15,7.829631058762027,7.543616381486351,0.07150366931891905
0.15,7.093699439965723,5.310086923792193,0.4459031290433826
0.15,8.090709587652304,7.49369585001213,0.14925343441004357
0.15,8.234097396200918,6.962493211035643,0.31790104629131877
0.15,10.34354973753446,9.051779026102146,0.3229426778580784
0.15,6.820696703597569,5.354151549693227,0.36663628847608565
0.15,7.483610489198052,7.491443760349832,0.005874953363834923
0.15,7.541746402786616,6.943634427169415,0.14952799390430038
0.15,7.246964059043624,6.239577718525832,0.251846585129448
0.15,7.85846458286325,5.729032647095355,0.5323579839419736
0.15,8.11063359807681,7.0645149786845876,0.26152965484805546
0.15,6.822758760845268,7.200972341875745,0.28366018577285756
0.15,8.9989316028761,8.680866127061567,0.07951636895363334
0.15,5.87082851053762,5.770702945082292,0.025031391363831812
0.15,8.961635641651636,9.743108638765852,0.586104747835662
0.15,8.530394010219178,7.424567571313895,0.2764566097263206
0.15,7.443046927716147,5.032191355844532,0.6027138929679039
0.15,9.825374043300984,8.824003103535352,0.250342734941408
0.15,7.364138592314492,7.304387233587216,0.014937839681818943
0.15,8.045025420374735,8.000810795299941,0.011053656268698475
0.15,7.395765649897671,7.1625134581003564,0.05831304794932857
0.15,9.344885071526653,8.61634450095162,0.1821351426437583
0.15,8.013209779373128,6.7715410517601535,0.3104171819032435
0.15,6.691143577116678,7.101723999998359,0.3079353171612602
0.15,8.772174616856068,8.130550144086234,0.16040611819245854
0.15,7.727594047683779,7.46982676575703,0.06444182048168745
0.15,10.3179925147519,9.180393165372193,0.2843998373449268
0.15,7.725556110107411,7.3634822845646974,0.09051845638567846
0.15,6.675770556366157,6.760402291400308,0.06347380127561375
0.15,7.564802910067898,6.312577651952845,0.31305631452876326
0.15,6.972543726392001,4.427005249496158,0.6363846192239606
0.15,8.786576049183004,8.116184236637066,0.16759795313648462
0.15,7.073799711306529,7.176828365034605,0.07727149029605651
0.15,8.647765411797923,9.044342219446364,0.2974326057363301
0.15,7.909358384061584,5.772818250538568,0.5341350333807542
0.15,7.213931358455791,6.229439620977118,0.24612293436966826
0.15,9.422337796577471,7.732283145206567,0.4225136628427262
0.15,7.136591341989993,6.823337195836371,0.07831353653840556
0.15,6.675247742337404,5.371813646878961,0.3258585238646108
0.15,7.616007087747669,5.7829142263007665,0.4582732153617257
0.15,7.919221274219076,6.898178767226917,0.25526062674803973
0.15,6.323564449508501,5.205877170655725,0.2794218197131939
0.15,5.847373132857428,4.783523790251348,0.26596233565152017
0.15,8.569223305204005,7.322016406874359,0.3118017245824116
0.15,9.350306975783752,8.722493874262438,0.15695327538032844
0.15,8.104516883666225,8.047679893061957,0.014209247651066903
0.15,8.831829740874046,9.267753359399238,0.3269427138938945
0.15,7.815290844892783,6.304139948313269,0.3777877241448786
0.15,6.069816110170381,5.315039113869304,0.18869424907526922
0.15,8.551888597660527,9.377131341223064,0.6189320576719028
0.15,7.110131000371291,6.433685488718265,0.1691113779132567
0.15,5.904613635339643,6.243849180211185,0.25442665865365655
0.15,8.623747041700357,8.703681751044877,0.05995103200839047
0.15,9.428957986602406,8.504319613015515,0.23115959339672276
0.15,6.822758760845268,7.068215513752515,0.184092564680435
0.15,8.03750125991318,5.72603775042951,0.5778658773709173
0.15,9.557440110550298,10.231553439658388,0.5055849968310677
0.15,7.369265524909146,6.26934297360241,0.2749806378266839
0.15,8.238657310416915,9.314910361497477,0.8071897883104211
0.15,8.310807009464712,7.415197150753073,0.22390246467790975
0.15,7.947811975548088,5.767765731126558,0.5450115611053825
0.15,8.551888597660527,8.277974161657381,0.0684786090007865
0.15,8.735158731807834,8.345231822512087,0.09748172732393678
0.15,7.269728032287984,6.709465086590094,0.1400657364244724
0.15,5.854988882427412,5.275552451691613,0.1448591076839496
0.15,7.003948466040668,6.839499763951531,0.04111217552228408
0.15,7.72620313593688,8.341670868979902,0.4616007997822662
0.15,8.700200493076862,8.736074426691932,0.02690545021130264
0.15,8.030142245889076,8.045626036356527,0.01161284285058839
0.15,8.87719568149863,8.348939305059249,0.13206409410984543
0.15,8.93742099362481,7.4789997479874,0.3646053114093526
0.15,7.1217464540174795,7.454858078287566,0.24983371820256517
0.15,7.581606634931806,7.939610089358951,0.2685025908203593
0.15,6.286956913197661,4.74341195876551,0.3858862386080377
0.15,9.43386685795342,9.418185128257546,0.003920432423968556
0.15,7.467706335147154,7.321454162091816,0.03656304326383464
0.15,9.298793926365668,8.735727650947853,0.14076656885445393
0.15,8.39464618829024,6.475960988222131,0.4796713000170272
0.15,6.360822373143316,5.781184164741453,0.14490955210046574
0.15,7.483610489198052,7.615168135998149,0.09866823510007272
0.15,6.23886797333132,4.8175542624870475,0.3553284277110682
0.15,6.572287246738072,5.888203596535924,0.17102091255053709
0.15,8.492676042078724,7.652127412715108,0.21013715734090388
0.15,7.498783732636363,5.247173219409823,0.562902628306635
0.15,8.14287679129477,7.97366527936566,0.04230287798227739
0.15,8.784805926884413,8.887259539287165,0.07684020930206348
0.15,6.249499538888358,6.433973638069176,0.13835557438561352
0.15,7.632553378140385,7.9060293518345635,0.20510698027063357
0.15,7.525779387242741,6.666972805297881,0.21470164548621495
0.15,6.838847066987161,6.357985868747764,0.12021529955984933
0.15,5.75769046254757,5.189790546713902,0.14197497895841704
0.15,8.124483631256275,7.848016652490324,0.06911674469148776
0.15,7.553188980329124,7.275184418969173,0.06950114033998789
0.15,8.464193736533682,8.103354336968295,0.09020984989134684
0.15,6.663873145756134,5.235217487896334,0.3571639144649501
0.15,8.154277030699301,7.306225685059678,0.21201283640990587
0.15,7.346244493645615,7.095527689475763,0.06267920104246283
0.15,9.60772688198457,8.615755174545217,0.2479929268598382
0.15,6.75756901580823,4.917011181408973,0.4601394585998144
0.15,7.661242701444968,6.523828748004078,0.28435348836022256
0.15,7.117580937548997,6.932055152796551,0.046381446188111575
0.15,8.74979496457392,8.03661012424732,0.1782962100816503
0.15,8.144779935070508,6.705554888257394,0.35980626170327845
0.15,6.504556889322875,5.457239579275518,0.2618293275118393
0.15,5.537408846524571,4.334374709346223,0.3007585342945871
0.15,7.188527513267011,7.164910026764271,0.005904371625685023
0.15,7.423820486915218,6.507778405969403,0.22901052023645363
0.15,7.827454990848037,8.195181562000412,0.27579492836428154
0.15,9.277042138143443,9.237528953914774,0.00987829605716728
0.15,8.638696444865118,8.954944585869834,0.2371861057535365
0.15,6.5516159883962235,5.005506197871854,0.3865274476310925
0.15,7.938661429557925,7.975150601067424,0.027366878632123948
0.15,9.588927764191334,9.492405701950068,0.024130515560316645
0.15,9.309453451003687,9.018655713516477,0.0726994343718026
0.15,9.065454003206492,8.67465703022755,0.09769924324473545
0.15,9.350306975783752,8.712423715521794,0.15947081506548955
0.15,6.859385742939369,7.167309711365571,0.23094297631965155
0.15,6.980617518985506,7.453791129597194,0.3548802079587663
0.15,7.911398928689016,7.972968344286837,0.046177061698366106
0.15,8.598624004593011,8.256525009382633,0.08552474880259453
0.15,5.926088893974689,4.740767198305333,0.296330423917339
0.15,7.598691448203153,6.278616175801071,0.3300188181005206
0.15,8.551888597660527,7.479690390320074,0.26804955183511336
0.15,6.258017207588779,5.136687502990389,0.2803324261495974
0.15,10.024993055170413,8.986205300156506,0.25969693875347666
0.15,7.532327599881064,6.165356512847794,0.3417427717583177
0.15,7.568676507762036,6.739012355620456,0.20741603803539488
0.15,7.961544482464211,7.268855543934203,0.17317223463250198
0.15,8.38307359349669,8.430683711109927,0.03570758820992781
0.15,7.311583304526696,6.165083782281877,0.28662488056120483
0.15,7.771818362432666,7.238030281760673,0.13344702016799825
0.15,7.61328226184194,6.471255529118389,0.2855066831808877
0.15,8.616622818880177,9.44121572982056,0.6184446832052863
0.15,8.147559528414622,6.801614533579734,0.3364862487087219
0.15,7.701578409458119,6.069798787107375,0.4079449055876858
0.15,9.203492729730147,8.548879348341258,0.16365334534722242
0.15,8.414548227231878,7.617560231918334,0.1992469988283858
0.15,7.828102353592988,5.496804227331644,0.582824531565336
0.15,9.9867512030404,9.699703045206563,0.07176203945845927
0.15,7.893343514968551,6.689410684048625,0.30098320772998144
0.15,7.725788625972195,6.7457025286340295,0.24502152433454127
0.15,6.731689959563495,4.280609210812313,0.6127701871877955
0.15,7.444244736191035,6.45298812971991,0.2478141516177812
0.15,4.492021012672831,3.250527495394566,0.3103733793195662
0.15,7.494085893663217,7.551168846589516,0.04281221469472429
0.15,7.231706867128717,6.126022918896791,0.27642098705798146
0.15,8.351075320663577,7.213142301927814,0.28448325468394087
0.15,7.160516644309959,5.505755359133813,0.4136903212940364
0.15,7.599322776033063,7.601865179304115,0.0019068024532891137
0.15,6.694871086809629,6.196088886365823,0.12469555011095146
0.15,10.381846190222168,8.901247856203206,0.3701495835047406
0.15,7.679252922596795,6.419569053036429,0.3149209673900917
0.15,7.411551784338393,7.0634257802935645,0.08703150101120705
0.15,8.285878869181646,8.339030526041578,0.03986374264494863
0.15,8.484367792828888,7.22539201276858,0.31474394501507685
0.15,8.980095666615979,7.808692333017106,0.2928508333997182
0.15,9.412823114161514,9.19363607775475,0.054796759101690906
0.15,7.444244736191035,7.292485556851801,0.03793979483480836
0.15,6.539742078781953,6.205635762156947,0.08352657915625139
0.15,7.264575347315059,5.6785073308910885,0.39651700410599267
0.15,8.888838238126025,9.20759144511451,0.23906490524136315
0.15,9.94322771026865,9.447740943008046,0.12387169181515079
0.15,6.108850702764919,4.350999627857948,0.4394627687267427
0.15,7.662878436813487,6.424278469777315,0.30964999175904295
0.15,8.87719568149863,8.150300186981264,0.18172387362934161
0.15,7.087299041957707,4.908555603075716,0.5446858597204978
0.15,8.262311041050223,8.82692736456102,0.42346224263309695
0.15,8.207927205255713,7.870032089877508,0.0844737788445511
0.15,9.857042852260792,9.257696404019104,0.14983661206042198
0.15,6.614927760682343,6.334391813371761,0.07013398682764538
0.15,7.828295290396614,6.8543831045962555,0.24347804645008964
0.15,5.537408846524571,6.736368410236364,0.8992196727838442
0.15,6.07822593343265,4.776226825886421,0.3254997768865573
0.15,7.956619239375442,7.433837296292067,0.13069548577084378
0.15,7.11814246951093,7.655438398570486,0.40297194679466686
0.15,9.833532417498478,9.645675875985503,0.04696413537824373
0.15,9.63157243643747,9.115169576511647,0.1291007149814556
0.15,9.094895480773877,8.158966494661728,0.23398224652803723
0.15,8.200339409035902,7.4696209254297745,0.18267962090153178
0.15,6.525375756545275,6.866146072666747,0.2555777370911041
0.15,8.224419885666425,7.410229309881948,0.20354764394611924
0.15,8.698408358147201,9.521510806540016,0.6173268362946112
0.15,7.872816270319741,6.102638532536689,0.44254443444576297
0.15,8.042861467753506,7.801576698911835,0.06032119221041765
0.15,6.820696703597569,6.376283793760322,0.11110322745931178
0.15,6.422540878166905,5.659561359852075,0.19074487957870745
0.15,8.08116053694422,6.815768430119412,0.31634802670620177
0.15,8.504968298564535,7.483810944875028,0.25528933842237667
0.15,7.277499264616353,7.260109722081319,0.0043473856337585826
0.15,9.877736939245144,8.886110396586195,0.24790663566473725
0.15,7.237332715110137,6.774457763650678,0.11571873786486475
0.15,5.613512119680661,5.7639682009042295,0.11284206091767635
0.15,6.4667890007212545,4.6672124470434735,0.44989413841944526
0.15,9.369950134258469,9.449713281515097,0.05982236044247102
0.15,6.51464336601856,4.978012905760402,0.3841576150645394
0.15,6.2125186421080665,5.688251506103623,0.13106678400111083
0.15,7.244582108151232,5.325396638894903,0.4797963673140824
0.15,6.648405267247484,6.538009803201114,0.02759886601159245
0.15,7.653886053995164,6.930474165215272,0.18085297219497298
0.15,9.243057272905446,8.893990754656471,0.08726662956224374
0.15,7.039536335423464,7.216174615675965,0.13247871018937563
0.15,9.551161106703011,8.960617971721062,0.14763578374548736
0.15,9.38798739517897,9.46579430629204,0.05835518333480261
0.15,8.48237490263442,9.00974339348515,0.3955263681380474
0.15,7.013556384758396,5.579394641613569,0.35854043578620676
0.15,7.97452521489433,8.144791334624017,0.12769958979726548
0.15,7.847489460168438,6.462467243564709,0.34625555415093223
0.15,5.488638486059945,5.705337339303418,0.16252413993260495
0.15,9.25238593940919,8.471331752682952,0.19526354668155976
0.15,9.109458424760712,8.39011645375927,0.1798354927503607
0.15,5.913353681203663,4.419632767695702,0.37343022837699036
0.15,8.096789076269223,7.540258781830709,0.1391325736096285
0.15,7.603910931053339,6.779110567396111,0.20620009091430713
0.15,7.177730288467012,6.982297368167992,0.048858230074755093
0.15,8.484441346732286,9.612511703437916,0.8460527675292222
0.15,6.233299931226911,5.525753636127955,0.17688657377473915
0.15,8.017875259433756,7.038089431308862,0.24494645703122364
0.15,6.1407331295695675,4.590088552542944,0.387661144256656
0.15,9.53345631235414,9.198655854772554,0.0837001143953966
0.15,6.713122482049567,5.376647078777457,0.3341188508180275
0.15,6.635791110038708,7.011194798426375,0.28155276629075043
0.15,6.879136752293002,5.82232574622195,0.26420275151776296
0.15,6.8342380033644075,5.5502500080386135,0.3209969988314485
0.15,8.735158731807834,8.933477092607333,0.14873877059962437
0.15,6.669630767766585,6.561827842873279,0.026950731223326585
0.15,6.469763312317402,4.395497816830479,0.5185663738717308
0.15,5.922100693698388,5.2398466613599055,0.17056350808462062
0.15,7.631287267389074,7.308507605672667,0.08069491542910168
0.15,7.353570855116928,7.383075622768984,0.022128575739041922
0.15,8.551888597660527,8.580334141703071,0.021334158031907968
0.15,8.14748508545151,6.221952692816306,0.4813830981588012
0.15,8.109890517089758,6.915950105629614,0.29848510286503593
0.15,7.450223195985137,8.955277299065024,1.1287905773099154
0.15,7.947811975548088,6.2055464106915155,0.4355663912141432
0.15,9.203221657141643,9.394542299955972,0.14349048211074678
0.15,8.914259263577032,9.29580450155713,0.28615892848507407
0.15,7.498998586161811,6.7641522224685655,0.18371159092331135
0.15,9.407783501938264,9.486580451283851,0.05909771200919067
0.15,8.269834324922456,9.205783669505683,0.7019620084374201
0.15,9.180424921833891,8.657122858164769,0.13082551591728064
0.15,6.961009768043677,6.463195546350946,0.12445355542318293
0.15,7.823375430316359,7.928315744281087,0.07870523547354602
0.15,8.429938964938602,8.087689002819737,0.08556249052971632
0.15,9.29752046444932,8.652918115121011,0.16115058733207732
0.15,7.868445979709493,8.160736518477634,0.21921790407610553
0.15,6.281378473592453,3.815403893021656,0.6164936451426993
0.15,7.423514282812763,5.356933410222481,0.5166452181475707
0.15,6.177471230054829,5.376573763147027,0.20022436672695054
0.15,6.496589307417339,4.877531596284505,0.40476442778320854
0.15,6.681477460998024,6.19697160359434,0.12112646435092089
0.15,9.783355291353123,10.050326572251702,0.20022846067393418
0.15,9.794706243640372,9.471226133720029,0.08087002748008576
0.15,5.011085025938611,3.4692191525454117,0.3854664683482998
0.15,7.567522230096424,6.526124399791726,0.26034945757617445
0.15,6.675770556366157,6.500574122484312,0.0437991084704612
0.15,6.487932611959224,6.09100375413242,0.09923221445670105
0.15,7.886421786174246,7.405999564277158,0.12010555547427204
0.15,4.937580421021286,3.819491970521379,0.2795221126249767
0.15,8.362727767610943,8.855776813975929,0.3697867847737393
0.15,8.056767415151779,7.610331414805033,0.11160900008668628
0.15,8.530394010219178,8.416538756996841,0.028463813305584118
0.15,9.5859188886548,10.316695650323876,0.5480825712518063
0.15,8.664043214490919,7.889000159394112,0.1937607637742016
0.15,6.122251030080746,4.868083927735442,0.3135417755863261
0.15,9.784075686467624,10.340222321891666,0.4171099765680317
0.15,7.706434239821856,7.486035536640186,0.055099675795417635
0.15,8.6437674801274,7.710192775139609,0.23339367624694773
0.15,7.311465622735338,6.109212422695723,0.3005633000099037
0.15,7.951457364513434,6.657362128464618,0.3235238090122041
0.15,6.177758752020142,5.1098903033812855,0.26696711215971414
0.15,9.230799927080923,8.13735887468484,0.2733602630990206
0.15,8.578618913183472,7.844062345845644,0.18363914183445718
0.15,8.404789711796992,7.867124861483386,0.13441621257840142
0.15,8.129057421428149,7.794241282324632,0.08370403477587929
0.15,6.2179056334449205,5.672668109073953,0.13630938109274182
0.15,8.234097396200918,8.087203701711777,0.03672342362228509
0.15,8.229315147446973,5.938855677265498,0.5726148675453688
0.15,7.319808490562353,6.537184571701852,0.19565597971512516
0.15,9.29752046444932,9.04532433818111,0.06304903156705244
0.15,8.319740768590496,8.371999159991073,0.0391937935504334
0.15,6.98447030972197,6.06485600229003,0.2299035768579849
0.15,5.327163168843801,4.143189547554945,0.29599340532221396
0.15,6.5870997431313905,5.238483968015155,0.33715394377905894
0.15,7.526855661636512,6.410968690746284,0.2789717427225571
0.15,9.141678029948263,7.751035055023171,0.3476607437312731
0.15,6.6987061972172475,5.653711623811192,0.26124864335151377
0.15,7.177793064063534,4.904306031031098,0.5683717582581091
0.15,6.1313394282796,4.946568502819423,0.2961927313650443
0.15,6.364095440056064,5.448699522504608,0.22884897938786408
0.15,6.893303335194139,4.230454558155147,0.6657121942597479
0.15,9.88007288997552,9.004972878906353,0.21877500276729167
0.15,9.794706243640372,10.296977784416317,0.37670365558195895
0.15,7.800163007488539,6.7414304754360215,0.2646831330131294
0.15,8.729582869920886,8.448096526151442,0.07037158594236104
0.15,7.980527306999067,7.19807516442164,0.19561303564435684
0.15,6.5025741328659326,6.684539536556714,0.13647405276808589
0.15,4.482754634379753,3.704144173414075,0.19465261524141952
0.15,6.964509483375189,5.137489279250922,0.45675505103106673
0.15,8.538491569875834,9.127316157122374,0.44161844043490506
0.15,8.250085998919229,7.0904233357782225,0.2899156657852515
0.15,8.262311041050223,6.977703805198256,0.3211518089629919
0.15,8.615271263710296,8.121896888083738,0.12334359390663963
0.15,7.564802910067898,5.959436321569372,0.4013416471246314
0.15,5.467647305112586,3.658904484237124,0.4521857052188656
0.15,7.510478918844056,6.720109258843494,0.19759241500014046
0.15,10.696383998476223,10.694413020922385,0.0004927443884596983
0.15,6.858289165356985,6.450431830440255,0.10196433372918245
0.15,7.617870393480399,6.2213005288905725,0.3491424661474567
0.15,5.951572548076286,4.8484686179078516,0.27577598254210867
0.15,7.626048703733733,6.877884596859413,0.1870410267185798
0.15,8.401502244815818,6.888525789999344,0.3782441137041186
0.15,6.5025741328659326,6.101053104664726,0.10038025705030162
0.15,10.260265347319669,10.097790216287173,0.04061878275812392
0.15,9.560365776388506,9.08902354112373,0.11783555881619412
0.15,7.019752689538503,6.455714729760856,0.14100948994441187
0.15,7.766046743751454,7.405384879996547,0.09016546593872676
0.15,7.341787095054043,6.879245412629782,0.11563542060606524
0.15,5.7176172715973195,6.140220589153767,0.31695248816733557
0.15,6.980617518985506,5.98487190222745,0.2489364041895139
0.15,7.064617235903157,6.295906951106744,0.19217757119910317
0.15,8.198576637020336,7.601531026576777,0.14926140261088983
0.15,7.165304217661932,7.950940257837781,0.5892270301318865
0.15,5.011085025938611,3.6655262175623977,0.3363897020940533
0.15,7.498093515525292,5.120401941069285,0.5944228936140017
0.15,5.756651739851151,3.535735471235783,0.5552290671538419
0.15,6.917545801366956,6.906268270451555,0.002819382728850295
0.15,7.82900551875514,7.442687956185948,0.09657939064229804
0.15,9.428957986602406,9.383382484865209,0.011393875434299261
0.15,8.48237490263442,8.641938490363767,0.11967269079700982
0.15,7.920003323017164,8.935022529319347,0.7612644047266379
0.15,8.42919385406873,5.91409978505068,0.6287735172545126
0.15,7.231028171461513,6.654224736772972,0.14420085867213528
0.15,7.28218222988455,6.902343680737486,0.09495963728676604
0.15,6.917545801366956,6.98441105755758,0.0501489421429675
0.15,8.052501917327751,8.095500388848533,0.03224885364058672
0.15,7.598691448203153,6.773953685801461,0.20618444060042318
0.15,7.108568795982516,5.48948993842696,0.4047697143888891
0.15,6.709861873627971,6.031763235633228,0.16952465949868567
0.15,6.5516159883962235,6.260964644901437,0.07266283587369671
0.15,8.438085894779087,8.599928454744163,0.12138191997380643
0.15,5.364521755887549,5.656286593995606,0.21882362858104298
0.15,7.557835150687979,7.134201059382546,0.10590852282635832
0.15,7.059783608163558,6.869677825372237,0.04752644569783038
0.15,7.106206493258692,6.110755148659753,0.2488628361497347
0.15,8.698408358147201,7.088576632571575,0.4024579313939065
0.15,7.94092873482572,7.415285357240374,0.13141084439633643
0.15,8.200339409035902,7.274975129653058,0.231341069845711
0.15,8.104212146341826,6.751525671107992,0.3381716188084585
0.15,6.553062015461897,6.440444148585637,0.028154466719064963
0.15,7.293423551899394,7.0353744488022985,0.06451227577427399
0.15,6.9806169332615235,6.022888721827213,0.2394320528585776
0.15,8.042861467753506,7.903064875257431,0.034949148124018725
0.15,8.561853873177505,8.139595088081695,0.10556469627395249
0.15,8.452031032847628,8.560175218487831,0.08110813923015225
0.15,7.766046743751454,8.593235552622199,0.6203916066530581
0.15,6.474172665941036,5.97843085350708,0.12393545310848908
0.15,7.539124594715653,7.533858309960832,0.0013165711887053178
0.15,6.281378473592453,6.1617577137585435,0.029905189958477463
0.15,9.422337796577471,9.19618577606206,0.05653800512885265
0.15,9.003325334524092,8.398207086537672,0.15127956199660497
0.15,8.651123748521032,8.536557304112275,0.028641611102189213
0.15,7.430400799227785,6.887256418579425,0.13578609516208995
0.15,8.403136424915372,8.585641715363934,0.1368789678364215
0.15,8.434731847114003,8.123923152711875,0.07770217360053211
0.15,7.719970799758937,5.641225351095235,0.5196863621659256
0.15,8.158786477870388,8.577508601562482,0.3140415927690703
0.15,10.34354973753446,8.579897600993995,0.4409130341351162
0.15,9.114908691627656,7.883210110226651,0.3079246453502513
0.15,9.031066715102405,8.174435608309091,0.21415777669832847
0.15,6.533894480847259,5.938540633445444,0.14883846185045368
0.15,7.006402470055225,5.0637372682058,0.48566630046235626
0.15,7.0103722059183236,5.635254395164558,0.34377945268844146
0.15,8.524896962694982,8.350458628793913,0.04360958347526722
0.15,7.582375976429327,9.03407797053959,1.0887764955826975
0.15,7.395765649897671,6.71548983752004,0.17006895309440773
0.15,6.716630569789015,6.302347295917615,0.1035708184678501
0.15,8.244140605784068,7.1311924628185475,0.27823703574138015
0.15,7.114958537666869,6.508288029984175,0.15166762692067337
0.15,9.67038133421689,8.630565290975825,0.25995401081026603
0.15,9.411037492390427,9.853769043622766,0.33204866342425365
0.15,8.358244159750956,7.152670470418843,0.30139342233302835
0.15,8.288261630738713,7.670927557186839,0.1543335183879686
0.15,4.852461179492398,3.700259947977643,0.2880503078786887
0.15,7.35972156590205,5.717760802426849,0.41049019086880034
0.15,7.427329722728667,6.791738347617643,0.15889784377775618
0.15,7.46762333315383,6.3829222974986175,0.27117525891380323
0.15,7.410430724379626,7.44745516663496,0.02776833169150006
0.15,6.915584849047923,6.432008628771623,0.12089405506907491
0.15,6.585731448436887,5.6125075799438475,0.2433059671232598
0.15,6.300057790421036,4.872717683776957,0.35683502666101985
0.15,8.281725157265793,7.476059413790423,0.2014164358688426
0.15,9.935234454211455,9.682509935288426,0.0631811297307574
0.15,6.018764560132339,5.41679307696524,0.15049287079177476
0.15,6.3253190397989405,6.313917617031694,0.002850355691811579
0.15,6.26319866185128,4.444643208065172,0.4546388634465268
0.15,9.076201624653155,7.704715382750668,0.34287156047562184
0.15,8.028373255642219,8.016567068520454,0.0029515467804412943
0.15,5.334560879857109,4.214402890063656,0.2800394974483631
0.15,7.358310083936107,7.297543186048713,0.015191724471848467
0.15,10.199928640417848,7.92333224102088,0.5691490998492421
0.15,7.44594902164108,6.10872347455112,0.33430638677249
0.15,7.53133556661282,7.494965892970603,0.009092418410554304
0.15,9.114908691627656,8.341098613774756,0.19345251946322506
0.15,4.390929885165018,4.374595896452899,0.004083497178029694
0.15,9.065454003206492,9.24605296090089,0.1354492182707987
0.15,8.5992208531116,8.266266080757205,0.08323869308859866
0.15,8.977686620668337,8.428017709404731,0.13741722781590138
0.15,8.481363911169232,8.538180746822544,0.04261262673998356
0.15,9.369950134258469,10.397560782271222,0.7707079860095654
0.15,5.150679386402929,6.499065479110896,1.0112895695309747
0.15,9.151187284047168,8.4387919640476,0.17809882999989224
0.15,8.434731847114003,8.352015830749764,0.020679004091059827
0.15,8.045086126172379,8.241058813203354,0.1469795152732316
0.15,5.916874545756627,4.444410338333703,0.36811605185573115
0.15,8.104516883666225,8.259675405162048,0.11636889112186699
0.15,8.13383377872752,5.706616428062504,0.6068043376662542
0.15,7.679053253999723,8.23130460187949,0.4141885109098251
0.15,8.042861467753506,7.2555101556125905,0.19683782803522876
0.15,9.664772154957962,9.798039010663466,0.09995014177912775
0.15,6.603685345027368,6.031584676323447,0.14302516717598035
0.15,9.294353255052718,9.970323172412,0.5069774380194616
0.15,8.179196695939583,7.799589635950231,0.09490176499733782
0.15,9.233771377451813,8.432047520299685,0.20043096428803198
0.15,7.765692176841114,7.678364184070729,0.02183199819259629
0.15,8.01097985975184,7.593914217942489,0.10426641045233787
0.15,9.407783501938264,9.593887825020666,0.1395782423118015
0.15,6.590021910028332,5.778657949093797,0.20284099023363367
0.15,7.073407899467615,4.942070893878685,0.5328342513972324
0.15,6.836108936648724,6.750140800876587,0.021492033943034228
0.15,8.535757544788218,7.368580576051505,0.2917942421841784
0.15,5.8654303117672955,4.54348754155171,0.33048569255389637
0.15,9.955839700772014,11.092445921190857,0.852454665314132
0.15,7.14908608661997,5.1109134579782225,0.509543157160437
0.15,9.078194623618248,8.96278774701213,0.028851719151529398
0.15,6.840635993458266,6.7346453504380355,0.02649766075505755
0.15,6.856550633538306,6.04644390947385,0.20252668101611393
0.15,7.358310083936107,7.372142969236677,0.01037466397542719
0.15,7.909358384061584,5.866519313061142,0.5107097677501107
0.15,8.08116053694422,7.382044134263285,0.1747791006702335
0.15,7.828583654715419,5.944800598443289,0.47094576406803257
0.15,7.849034135888267,6.351593573665136,0.3743601405557828
0.15,4.52301177393132,3.9993339886247568,0.13091944632664088
0.15,8.37861471261415,8.643020201311238,0.1983041165228161
0.15,7.107142877260104,5.431956459036093,0.41879660455600276
0.15,6.819401201900953,5.402044600213841,0.3543391504217779
0.15,7.158904378565573,5.960147803869704,0.29968914367396726
0.15,8.968358255875488,9.679379253386257,0.5332657481330765
0.15,5.720659406326269,5.241423511998364,0.11980897358197629
0.15,7.064201198687169,5.165873411253844,0.4745819468583312
0.15,9.447953409614366,9.876708383188928,0.3215662301809221
0.15,7.868154289464021,6.6186251647069625,0.3123822811892647
0.15,9.4698563129015,8.70384577447803,0.1915026346058677
0.15,8.045086126172379,7.3770313566308685,0.16701369238537755
0.15,8.140757345562001,8.445258732674098,0.22837604033407288
0.15,6.720037760420873,6.855186112526442,0.10136126407917656
0.15,8.044765302579586,6.502967059183099,0.38544956084912174
0.15,7.685891427966065,7.369662254191643,0.07905729344360557
0.15,8.52119101633261,7.761412272640724,0.18994468592297142
0.15,7.888025650949582,7.383245287025788,0.1261950909809486
0.15,8.088163154642624,8.178413641650089,0.06768786525559856
0.15,6.510222002999328,6.532032734870033,0.016358048903029276
0.15,6.8569457061281565,5.3561287322651685,0.375204243465747
0.15,5.847373132857428,4.888485278954222,0.23972196347580166
0.15,7.8046482958764365,7.361776953643883,0.11071783555813841
0.15,6.614927760682343,5.50085154745087,0.2785190533078681
0.15,6.303292788772945,6.77349516185982,0.3526517798151567
0.15,6.515899080900516,6.115727814688221,0.10004281655307379
0.15,6.777297281873357,5.430452535427555,0.3367111866114505
0.15,8.250964124869952,7.125381458203967,0.2813956666664963
0.15,7.587055512498078,6.294325737450812,0.3231824437618165
0.15,7.415299143247339,6.7937510014323355,0.155387035453751
0.15,5.951650986784638,5.175946606812371,0.1939260949930668
0.15,7.983392954402401,7.473529410145373,0.12746588606425702
0.15,5.428563656706692,5.081633189820871,0.08673261672145527
0.15,7.857140053895576,7.681381009280039,0.043939761153884316
0.15,5.724071225672604,3.240588173685007,0.6208707629968991
0.15,7.715756075797152,7.217481758429363,0.12456857934194732
0.15,4.321342527840005,3.256329336368713,0.26625329786782304
0.15,9.601994373673588,9.32488385641569,0.06927762931447434
0.15,8.252781362281828,6.713261076529872,0.38488007143798897
0.15,8.29730621420848,8.026516802091049,0.06769735302935764
0.15,7.457931188447577,6.160854868318783,0.32426908003219856
0.15,8.214448241480884,8.301813816162028,0.06552418101085777
0.15,7.925285496578288,7.543930676972026,0.09533870490156571
0.15,7.6312134428240865,7.097644347584402,0.13339227380992114
0.15,9.397526978567118,9.934826964965527,0.40297498979880686
0.15,7.244582108151232,6.2756298833195405,0.24223805620792294
0.15,7.829631058762027,6.980420545379133,0.21230262834572367
0.15,9.309643956413568,7.664738449897057,0.41122637662912775
0.15,6.908888328527669,6.052084994259933,0.2142008335669341
0.15,9.633753427195712,9.59675755626514,0.009248967732642832
0.15,8.333762985571221,7.1081532431154155,0.3064024356139514
0.15,6.981607918688368,6.271428678286902,0.1775448101003665
0.15,7.679252922596795,6.649478459915439,0.257443615670339
0.15,8.712577464150074,7.570300213919133,0.28556931255773543
0.15,8.266125868144343,7.728525732166635,0.1344000339944269
0.15,9.980351189925155,9.688033546225077,0.07307941092501968
0.15,8.03561204499945,7.764664809743455,0.06773680881399868
0.15,8.606802733153064,8.834255649173917,0.17058968701564003
0.15,8.93742099362481,8.960704934402573,0.017462955583321893
0.15,7.548323603219254,7.197724219672465,0.08764984588669722
0.15,7.684678354374112,6.341846312375466,0.3357080104996615
0.15,7.816799739776101,6.153830279363982,0.41574236510302987
0.15,9.447953409614366,8.874347865220582,0.143401386098446
0.15,8.045545641869372,7.537674954197785,0.12696767191789693
0.15,7.269274053131289,6.405189821098628,0.21602105800816518
0.15,5.793413288746192,5.252835304265075,0.13514449612027946
0.15,7.977918583623356,7.437142073379796,0.1351941275608899
0.15,6.243107626511853,4.698255918008828,0.3862129271257564
0.15,5.364521755887549,4.927476920704896,0.10926120879566326
0.15,8.1426092223647,8.248226536890511,0.0792129858943591
0.15,8.518997117958373,7.690201492359829,0.20719890639963578
0.15,7.997846644543718,7.705566909295121,0.07306993381214921
0.15,7.1769937338350545,6.950274944754401,0.05667969727016331
0.15,8.389166436738277,7.549971089390516,0.20979883683694034
0.15,7.062850063193901,6.965377659835313,0.024368100839647022
0.15,7.003547483790575,6.776240271919186,0.056826802967847145
0.15,7.834876220726807,7.535527761921635,0.07483711470129295
0.15,8.56643258535297,8.52102136615035,0.011352804800655036
0.15,6.965545219441195,6.103210993118118,0.2155835565807691
0.15,6.47663144590001,5.67063474259362,0.20149917582659738
0.15,8.013209779373128,7.568174195004517,0.11125889609215256
0.15,7.5072069557645085,7.149696354211979,0.08937765038813228
0.15,9.082924738420887,8.595626081174542,0.12182466431158634
0.15,7.293423551899394,7.168557840490443,0.03121642785223777
0.15,7.988019096942208,8.5358441929169,0.4108688219810188
0.15,9.394657642914874,7.174689049055549,0.5549921484648312
0.15,8.923026421891795,9.346212778107123,0.31738976716149647
0.15,8.40160355493213,9.534774693732134,0.8498783541000026
0.15,10.263494594368485,9.216130211581046,0.26184109569685976
0.15,6.6066832396853306,6.517069852409104,0.022403346819056535
0.15,6.428614614497387,5.787404917984551,0.16030242412820894
0.15,7.1229086513900395,6.661968889203859,0.11523494054654515
0.15,5.887158110806624,4.308238322454976,0.394729947087912
0.15,7.599531693748704,7.096581873238282,0.12573745512760537
0.15,9.203492729730147,9.488374551053564,0.21366136599256258
0.15,9.601994373673588,9.290862952018562,0.07778285541375629
0.15,7.340254855652596,6.26543389307323,0.26870524064484136
0.15,6.752096873405843,5.635749077155166,0.27908694906266907
0.15,8.00194948128571,7.167259453243027,0.20867250701067075
0.15,6.731689959563495,5.637178412326136,0.2736278868093396
0.15,6.274997227826115,4.798301565256735,0.36917391564234503
0.15,9.05120116747072,8.246368897192186,0.20120806756963372
0.15,9.741860397472816,8.947264907453285,0.19864887250488295
0.15,6.483090271376475,6.318862767399289,0.041056875994296416
0.15,6.486281926827712,5.386656833980328,0.27490627321184613
0.15,7.203538231844761,7.216406390635742,0.00965111909323535
0.15,7.113356226876036,5.805010439904437,0.3270864467428998
0.15,9.076201624653155,8.577484639396786,0.12467924631409222
0.15,9.840581689656636,10.476032782039304,0.4765883192870013
0.15,7.455073682526436,6.303347077234162,0.2879316513230685
0.15,5.814262380401272,4.777783896328459,0.2591196210182032
0.15,5.887158110806624,6.013170618269834,0.09450938059740777
0.15,9.061663002722671,9.559299778851289,0.373227582096463
0.15,8.42445796193259,6.3236564143372975,0.5252003868988233
0.15,7.075545259126848,5.319974798332112,0.43889261519868406
0.15,8.563653508699016,8.31892061979378,0.06118322222630912
0.15,7.386846497697128,6.181628244882205,0.3013045632037308
0.15,9.277042138143443,7.90038914120781,0.3441632492339082
0.15,7.787551210225302,7.311142436460373,0.11910219344123218
0.15,7.627514759824938,6.992246821531072,0.15881698457346638
0.15,8.101010673382751,7.662182917379495,0.10970693900081407
0.15,8.25707224943098,8.268523834342586,0.00858868868370477
0.15,7.299920328724735,5.278862387999843,0.5052644851812229
0.15,6.155361959719988,4.747890030394504,0.35186798233137107
0.15,7.8306251959988895,7.560414278136025,0.06755272946571611
0.15,6.636058344823408,6.624709389833935,0.002837238747368298
0.15,6.819401201900953,5.732361314706872,0.2717599717985202
0.15,7.233525322827238,6.603946835078513,0.15739462193718134
0.15,8.124483631256275,8.382824254221081,0.19375546722360415
0.15,6.66041023168104,6.730048029417563,0.05222834830239176
0.15,8.130542052620164,7.970764670523415,0.03994434552418724
0.15,7.685891427966065,7.583576753377953,0.02557866864702807
0.15,7.247375321429745,6.8306614051078185,0.10417847908048161
0.15,7.234847446879104,7.712497729981553,0.3582377123268372
0.15,9.598846412796448,9.47587382932078,0.030743145868917132
0.15,7.348880943550076,6.6917721839724456,0.16427718989440754
0.15,7.922661796896201,7.2848556211395215,0.15945154393916994
0.15,8.050840088233643,7.085435586300583,0.2413511254832652
0.15,8.104212146341826,7.462303729108159,0.16047710430841677
0.15,7.280962704214236,6.945117011906929,0.08396142307682664
0.15,8.58133006815846,8.98493887982237,0.3027066087479322
0.15,8.016019913848128,8.061073569980902,0.03379024209958059
0.15,8.531528088535413,8.374258216284916,0.03931746806262426
0.15,7.653939314558772,6.774690857848514,0.21981211417756463
0.15,9.650548089906634,8.91579970943875,0.18368709511697112
0.15,6.455174884887069,5.093338536862337,0.340459087006183
0.15,6.483090271376475,5.853057536349802,0.1575081837566683
0.15,9.980351189925155,9.265877638869004,0.17861838776403793
0.15,8.175396447955613,6.717038501161909,0.36458948669842606
0.15,7.617870393480399,6.793787699323878,0.20602067353913034
0.15,9.7458978427822,9.885555173018068,0.1047429976769001
0.15,8.043767377422895,6.899669101928977,0.2860245688734797
0.15,7.30167048907752,5.207623323178966,0.5235117914746386
0.15,6.842772578332689,5.316706662245564,0.3815164790217813
0.15,8.630506875831802,8.396925795262117,0.058395270142421296
0.15,6.579805302437467,5.538897147834343,0.260227038650781
0.15,7.827454990848037,6.374256387670559,0.36329965079436954
0.15,7.168934823260841,6.737902892311509,0.10775798273733295
0.15,7.869957284984219,7.4229884995853395,0.11174219634971982
0.15,8.40160355493213,6.441776637430945,0.4899567293752962
0.15,9.16295737864909,8.908952664931514,0.06350117842939396
0.15,8.059769544320508,6.121444217352966,0.48458133174188545
0.15,8.47566571636726,9.24605353673832,0.5777908652782946
0.15,7.867684789249712,7.566122745643537,0.0753905109015438
0.15,8.573303953475378,8.03921162122858,0.13352308306169958
0.15,6.801899847969138,6.452636415925506,0.08731585801090813
0.15,7.636817943427021,5.843468860516591,0.44833727072760743
0.15,6.791058244956293,7.377590416760708,0.4398991288533114
0.15,7.256800336019991,6.72138101970746,0.13385482907813273
0.15,7.454739137939271,6.427901634463877,0.25670937586884834
0.15,8.162505134881421,9.791918306491686,1.2220598787076988
0.15,8.143536212793368,7.879959392894185,0.0658942049747957
0.15,8.071114959894876,8.039733761125255,0.007845299692405217
0.15,7.675152588721443,6.808781291066261,0.21659282441379557
0.15,7.971822178434918,7.827656058638079,0.03604152994920984
0.15,8.458952918477369,7.73734697466164,0.18040148595393224
0.15,8.401299108959252,7.2868347584441215,0.27861608762878265
0.15,8.044765302579586,7.728787453613347,0.0789944622415597
0.15,6.289331716447025,5.307477438982747,0.2454635693660696
0.15,9.065454003206492,9.302681575024094,0.1779206788632015
0.15,7.388464692703408,6.765060485368101,0.15585105183382675
0.15,6.7642293283692085,5.764312840618679,0.2499791219376324
0.15,7.951095868976041,7.725165256532768,0.05648265311081824
0.15,7.666544061051279,7.0957596560936205,0.14269610123941456
0.15,5.554098856348741,4.189877319934075,0.34105538410366654
0.15,8.00746079447955,7.289625617540001,0.1794587942348873
0.15,5.869938210160208,4.173385827047396,0.42413809577820305
0.15,7.395298144210798,6.482465869942689,0.22820806856702736
0.15,8.224419885666425,7.930778534202455,0.07341033786599249
0.15,6.2688080176967675,4.453824127823468,0.4537459724683248
0.15,7.073302490693693,6.414761832691202,0.16463516450062277
0.15,5.150679386402929,2.7285790628361206,0.6055250808917022
0.15,7.811980914385541,7.653565407546687,0.03960387670971355
0.15,8.514932231674985,7.724855668040649,0.1975191409085839
0.15,7.614794200786265,6.293194296396845,0.33039997609735505
0.15,9.39908485585612,7.565822446416528,0.4583156023598982
0.15,9.47781381938985,8.827801581006277,0.16250305959589317
0.15,7.532327599881064,7.468145875683606,0.01604543104936451
0.15,8.148846095877847,6.7859498669848355,0.34072405722325283
0.15,8.777189385464862,8.126217345592206,0.16274300996816393
0.15,8.03561204499945,6.42346357823358,0.40303711669146747
0.15,9.140092263711232,9.08066082412817,0.01485785989576538
0.15,7.789523651688193,6.487779067435287,0.32543614606322646
0.15,8.116035164849073,7.103298444085711,0.25318418019084055
0.15,7.408607203909356,6.193227849267804,0.30384483866038803
0.15,8.013209779373128,6.80140097260473,0.30295220169209935
0.15,6.2179056334449205,5.9815951745503195,0.05907761472365025
0.15,9.573383499972,10.082196430025435,0.3816096975400769
0.15,8.48279135727277,6.726042766756604,0.43918714762904165
0.15,6.694871086809629,5.764731692785228,0.2325348485061003
0.15,8.530394010219178,9.132180757706536,0.45134006061551846
0.15,10.15690170466055,9.58874667431628,0.14203875758606754
0.15,8.964979150088109,8.870884483761165,0.02352366658173599
0.15,8.231792305699104,8.27552485285289,0.03279941036533929
0.15,8.923304150374983,9.428519569247786,0.37891156415460214
0.15,7.568583826089836,4.6879277296229445,0.7201640241167229
0.15,9.05120116747072,6.682849349545669,0.592087954481263
0.15,7.268026519604148,6.6173784271888,0.16266202310383693
0.15,7.444244736191035,6.556486291368525,0.22193961120562733
0.15,7.11814246951093,7.560948640123168,0.33210462795917794
0.15,7.548323603219254,5.046280456145312,0.6255107867684855
0.15,8.144779935070508,7.390085848863084,0.18867352155185602
0.15,6.749573814201528,6.291633632034761,0.11448504554169192
0.15,9.477362915624862,8.191493688473244,0.3214673067879046
0.15,6.299155100531461,6.3570832995532465,0.04344614926633894
0.15,7.383102829707894,6.638000702030442,0.1862755319193632
0.15,7.072373592907025,5.959494221852152,0.27821984276371814
0.15,7.974344311652487,5.7910378286528434,0.545826620749911
0.15,7.299978681191048,6.666175191070526,0.15845087253013057
0.15,11.102595141514946,10.73949009600573,0.09077626137730421
0.15,7.031592150754376,5.525665291572602,0.37648171479544357
0.15,10.34354973753446,7.766604045114503,0.6442364231049891
0.15,7.659863671474569,6.735446725730485,0.23110423643602096
0.15,8.518997117958373,8.489067646068671,0.007482367972425408
0.15,6.917545801366956,6.7278159763293415,0.04743245625940373
0.15,5.305543800015027,3.836115006776388,0.36735719830965974
0.15,7.269728032287984,4.792162558486096,0.6193913684504719
0.15,7.868445979709493,6.310220675013451,0.3895563261740107
0.15,7.351106345153688,6.851675514182995,0.12485770774267335
0.15,7.105020203752036,5.937352689317943,0.29191687860852333
0.15,9.524691008701778,9.982378745432138,0.34326580254777017
0.15,8.847685551077783,6.957427670780847,0.47256447007423397
0.15,7.797371466008013,5.86894055655651,0.48210772736287577
0.15,6.636058344823408,6.016356328634604,0.15492550404720107
0.15,7.165194855952947,5.319771011209718,0.46135596118580735
0.15,9.699836873974906,9.341123670211465,0.08967830094086038
0.15,9.29752046444932,7.376034254127057,0.48037155258056585
0.15,10.574789652565554,9.66162191776576,0.2282919336999485
0.15,6.982747904204755,5.11127763884482,0.46786756633998383
0.15,8.464162739954391,6.443569102220105,0.5051484094335714
0.15,7.632553378140385,6.869054173133893,0.19087480125162304
0.15,7.264575347315059,7.061258235097514,0.050829278054386196
0.15,7.887708322239983,8.597482400594501,0.5323305587658884
0.15,8.424381842129476,8.604763495030475,0.1352862396757497
0.15,7.177730288467012,7.008065051424353,0.042416309260664864
0.15,6.642032318845915,4.796423689571022,0.46140215731872325
0.15,7.569134852659561,6.32800478694177,0.3102825164294476
0.15,7.856794271523882,7.372005354130381,0.1211972293483754
0.15,6.297507758422324,5.293240225661968,0.25106688319008885
0.15,9.045744476926949,8.923957329505338,0.030446786855402586
0.15,7.932483414972863,6.539302319533693,0.3482952738597924
0.15,8.184711056217726,7.749236439223887,0.1088686542484596
0.15,6.7642293283692085,6.083076381908757,0.17028823661511283
0.15,6.369952029048622,4.9786024526326615,0.34783739410399006
0.15,9.243057272905446,7.974064795306296,0.3172481193997876
0.15,8.507992582065055,7.725930228566674,0.19551558837459537
0.15,6.943280283452945,6.8349922021270455,0.027072020331474933
0.15,5.556183514148467,3.703742962466167,0.463110137920575
0.15,8.02396395857634,7.56892706041192,0.11375922454110499
0.15,7.167063222751507,5.382625596668181,0.44610940652083153
0.15,7.72726907240988,6.677595192835901,0.2624184698934946
0.15,6.245726933515651,5.358528704990243,0.22179955713135202
0.15,7.425219482506451,5.927907077301776,0.3743281013011688
0.15,8.446317066562948,8.316061565612104,0.03256387523771087
0.15,8.52119101633261,8.807252964031822,0.21454646077440875
0.15,9.141678029948263,8.536540051560026,0.15128449459705928
0.15,7.983338714869818,5.52541203220781,0.6144816706655021
0.15,6.748879815276653,5.891289728518287,0.21439752168959147
0.15,7.9513420477110035,7.184377151657126,0.19174122401346927
0.15,7.983338714869818,7.349447635167792,0.15847276992550663
0.15,7.403674678702564,5.89018870796387,0.3783714926846735
0.15,5.365142536576009,4.410173905899333,0.23874215766916906
0.15,9.277042138143443,8.932974650307939,0.08601687195887608
0.15,5.919413647705748,4.411022970304718,0.37709766935025746
0.15,8.484367792828888,8.373444032218964,0.027730940152480787
0.15,7.829306369750274,8.025711631492603,0.14730394630674715
0.15,7.24138152849122,5.812990557810544,0.35709774267016914
0.15,6.738364682990294,6.616822750472967,0.03038548312933176
0.15,7.327623093269423,6.017914523046991,0.3274271425556081
0.15,6.442406978262368,6.36674614029231,0.018915209492514462
0.15,7.706434239821856,7.267824959869452,0.10965231998810099
0.15,7.478825649971267,6.550075599551884,0.2321875126048456
0.15,7.800163007488539,6.885080857022724,0.22877053761645372
0.15,8.535757544788218,8.46199424260153,0.018440825546671924
0.15,8.345279140751234,6.97444496257137,0.342708544544966
0.15,8.129057421428149,7.928087853545577,0.05024239197064295
0.15,8.244140605784068,7.347072040119201,0.22426714141621673
0.15,7.62193194383979,7.863926575004666,0.18149597337365697
0.15,8.52812081198507,8.582924952292718,0.04110310523073535
0.15,9.801161727371325,10.238013472725696,0.32763880901577824
0.15,7.72620313593688,6.48293567057966,0.31081686633930516
0.15,8.996239299357956,8.683376543922428,0.07821568885888208
0.15,5.5268961016285,5.433712287512933,0.02329595352889169
0.15,7.099963001092858,6.099073054112477,0.2502224867450953
0.15,8.526062685527142,7.474734789107481,0.2628319741049152
0.15,7.106206493258692,6.857122809501938,0.06227092093918851
0.15,6.23886797333132,5.824929573031824,0.10348460007487414
0.15,8.192159845660964,7.608799522264891,0.14584008084901812
0.15,7.377054103972676,7.522801851308244,0.10931081050167579
0.15,6.474172665941036,5.055668953111922,0.35462592820727856
0.15,9.941309719118143,10.034122943557334,0.06960991832939278
0.15,6.510707784478788,4.881478013899557,0.4073074426448078
0.15,6.013625787334759,4.671088370805478,0.33563435413232034
0.15,6.9569921873004255,6.482796933087288,0.1185488135532844
0.15,5.9271993445682085,4.033552211272165,0.4734117833240108
0.15,7.921376993776607,7.851242034878387,0.017533739724554964
0.15,8.148846095877847,7.381662138391164,0.19179598937167075
0.15,6.511086516766587,5.713360356931797,0.19943153995869745
0.15,8.071114959894876,6.890629607099072,0.29512133819895103
0.15,7.675152588721443,6.8191904475538685,0.2139905352918936
0.15,6.097945856074333,6.400966052521226,0.22726514733516945
0.15,9.941309719118143,9.197511059832832,0.1859496648213277
0.15,9.447953409614366,8.749633861253612,0.17457988709018846
0.15,7.656299321481493,8.668579546090646,0.7592101684568648
0.15,7.253974358300245,6.519726306727616,0.1835620128931572
0.15,4.784671852449517,3.286411882301189,0.37456499253708186
